category,index_prev_period,index_curr_period,change_pct,month,year
Produits alimentaires,129.1,128.0,-0.8,Juin,2026
01 - Produits alimentaires et boissons non alcoolisées,128.2,127.2,-0.8,Juin,2026
02 - Boissons alcoolisées et tabac,150.5,150.5,0.0,Juin,2026
Produits non alimentaires,114.8,114.6,-0.2,Juin,2026
03 - Articles d'habillements et chaussures,118.0,117.9,-0.1,Juin,2026
"04 - Logements, eau, électricité et autres combustibles",110.9,110.8,-0.1,Juin,2026
"05 - Meubles, articles de ménages et entretien courant du foyer",113.9,113.9,0.0,Juin,2026
06 - Santé,101.6,101.7,0.1,Juin,2026
07 - Transport,124.7,123.4,-1.0,Juin,2026
08 - Communication,103.6,103.6,0.0,Juin,2026
09 - Loisirs et culture,104.9,104.8,-0.1,Juin,2026
10 - Enseignement,124.4,124.4,0.0,Juin,2026
11 - Restaurants et hôtels,123.5,123.9,0.3,Juin,2026
12 - Biens et services divers,120.7,120.7,0.0,Juin,2026
Ensemble,120.4,119.9,-0.4,Juin,2026
Produits alimentaires,131.9,129.1,-2.1,Mai,2026
01 - Produits alimentaires et boissons non alcoolisées,131.1,128.2,-2.2,Mai,2026
02 - Boissons alcoolisées et tabac,150.5,150.5,0.0,Mai,2026
Produits non alimentaires,114.8,114.8,0.0,Mai,2026
03 - Articles d'habillements et chaussures,118.2,118.0,-0.2,Mai,2026
"04 - Logements, eau, électricité et autres combustibles",110.0,110.9,0.8,Mai,2026
"05 - Meubles, articles de ménages et entretien courant du foyer",113.4,113.9,0.4,Mai,2026
06 - Santé,101.6,101.6,0.0,Mai,2026
07 - Transport,126.1,124.7,-1.1,Mai,2026
08 - Communication,103.7,103.6,-0.1,Mai,2026
09 - Loisirs et culture,105.1,104.9,-0.2,Mai,2026
10 - Enseignement,124.4,124.4,0.0,Mai,2026
11 - Restaurants et hôtels,123.2,123.5,0.2,Mai,2026
12 - Biens et services divers,120.8,120.7,-0.1,Mai,2026
Ensemble,121.5,120.4,-0.9,Mai,2026
Produits alimentaires,130.2,132.7,1.9,Mars,2026
01 - Produits alimentaires et boissons non alcoolisées,129.5,132.0,1.9,Mars,2026
02 - Boissons alcoolisées et tabac,149.3,149.3,0.0,Mars,2026
Produits non alimentaires,112.7,113.4,0.6,Mars,2026
03 - Articles d'habillements et chaussures,117.5,118.1,0.5,Mars,2026
"04 - Logements, eau, électricité et autres combustibles",109.6,109.8,0.2,Mars,2026
"05 - Meubles,articles de ménages et entretien courant du foyer",113.2,113.3,0.1,Mars,2026
06 - Santé,101.5,101.5,0.0,Mars,2026
07 - Transport,115.0,118.4,3.0,Mars,2026
08 - Communication,103.7,103.7,0.0,Mars,2026
09 - Loisirs et culture,105.0,104.7,-0.3,Mars,2026
10 - Enseignement,124.4,124.4,0.0,Mars,2026
11 - Restaurants et hôtels,122.5,122.5,0.0,Mars,2026
12 - Biens et services divers,120.4,120.5,0.1,Mars,2026
Ensemble,119.6,121.0,1.2,Mars,2026
Produits alimentaires,129.2,130.2,0.8,Février,2026
01 - Produits alimentaires et boissons non alcoolisées,128.4,129.5,0.9,Février,2026
02 - Boissons alcoolisées et tabac,149.3,149.3,0.0,Février,2026
Produits non alimentaires,112.4,112.7,0.3,Février,2026
03 - Articles d'habillements et chaussures,117.5,117.5,0.0,Février,2026
"04 - Logements, eau, électricité et autres combustibles",109.6,109.6,0.0,Février,2026
"05 - Meubles, articles de ménages et entretien courant du foyer",113.2,113.2,0.0,Février,2026
06 - Santé,101.5,101.5,0.0,Février,2026
07 - Transport,113.9,115.0,1.0,Février,2026
08 - Communication,103.7,103.7,0.0,Février,2026
09 - Loisirs et culture,104.9,105.0,0.1,Février,2026
10 - Enseignement,124.4,124.4,0.0,Février,2026
11 - Restaurants et hôtels,122.5,122.5,0.0,Février,2026
12 - Biens et services divers,119.1,120.4,1.1,Février,2026
Ensemble,119.0,119.6,0.5,Février,2026
Produits alimentaires,130.3,128.6,-1.3,Novembre,2025
01 - Produits alimentaires et boissons non alcoolisées,129.7,127.9,-1.4,Novembre,2025
02 - Boissons alcoolisées et tabac,145.0,145.0,0.0,Novembre,2025
Produits non alimentaires,112.5,112.5,0.0,Novembre,2025
03 - Articles d'habillements et chaussures,117.6,117.4,-0.2,Novembre,2025
"04 - Logements, eau, électricité et autres combustibles",109.5,109.5,0.0,Novembre,2025
"05 - Meubles, articles de ménages et entretien courant du foyer",113.0,113.1,0.1,Novembre,2025
06 - Santé,101.5,101.5,0.0,Novembre,2025
07 - Transport,115.9,115.8,-0.1,Novembre,2025
08 - Communication,103.8,103.8,0.0,Novembre,2025
09 - Loisirs et culture,105.0,104.9,-0.1,Novembre,2025
10 - Enseignement,124.4,124.4,0.0,Novembre,2025
11 - Restaurants et hôtels,122.2,122.2,0.0,Novembre,2025
12 - Biens et services divers,117.4,117.8,0.3,Novembre,2025
Ensemble,119.5,118.8,-0.6,Novembre,2025
Produits alimentaires,131.8,132.0,0.2,Septembre,2025
01 - Produits alimentaires et boissons non alcoolisées,131.3,131.5,0.2,Septembre,2025
02 - Boissons alcoolisées et tabac,145.0,144.9,-0.1,Septembre,2025
Produits non alimentaires,112.3,112.5,0.2,Septembre,2025
03 - Articles d'habillements et chaussures,117.1,117.6,0.4,Septembre,2025
"04 - Logements, eau, électricité, gaz et autres combustibles",109.4,109.4,0.0,Septembre,2025
"05 - Meubles, articles de ménages et entretien courant du foyer",112.9,113.1,0.2,Septembre,2025
06 - Santé,101.4,101.4,0.0,Septembre,2025
07 - Transport,117.2,116.1,-0.9,Septembre,2025
08 - Communication,103.9,103.8,-0.1,Septembre,2025
09 - Loisirs et culture,104.8,104.9,0.1,Septembre,2025
10 - Enseignement,121.8,124.3,2.1,Septembre,2025
11 - Restaurants et hôtels,122.6,122.5,-0.1,Septembre,2025
12 - Biens et services divers,117.1,117.1,0.0,Septembre,2025
Ensemble,120.0,120.2,0.2,Septembre,2025
Produits alimentaires,131.0,130.4,-0.5,Juillet,2025
01 - Produits alimentaires et boissons non alcoolisées,130.5,129.8,-0.5,Juillet,2025
02 - Boissons alcoolisées et tabac,144.9,145.0,0.1,Juillet,2025
Produits non alimentaires,112.0,112.2,0.2,Juillet,2025
03 - Articles d'habillements et chaussures,117.0,116.9,-0.1,Juillet,2025
"04 - Logements, eau, électricité et autres combustibles",109.3,109.3,0.0,Juillet,2025
"05 - Meubles, articles de ménages et entretien courant du foyer",112.6,113.0,0.4,Juillet,2025
06 - Santé,101.4,101.4,0.0,Juillet,2025
07 - Transport,115.7,116.9,1.0,Juillet,2025
08 - Communication,103.9,103.9,0.0,Juillet,2025
09 - Loisirs et culture,105.0,104.8,-0.2,Juillet,2025
10 - Enseignement,121.8,121.8,0.0,Juillet,2025
11 - Restaurants et hôtels,121.4,121.8,0.3,Juillet,2025
12 - Biens et services divers,116.7,116.9,0.2,Juillet,2025
Ensemble,119.5,119.4,-0.1,Juillet,2025
Produits alimentaires,130.0,131.0,0.8,Juin,2025
01 - Produits alimentaires et boissons non alcoolisées,129.4,130.5,0.9,Juin,2025
02 - Boissons alcoolisées et tabac,144.9,144.9,0.0,Juin,2025
Produits non alimentaires,111.9,112.0,0.1,Juin,2025
03 - Articles d'habillements et chaussures,116.9,117.0,0.1,Juin,2025
"04 - Logements, eau, électricité et autres combustibles",109.3,109.3,0.0,Juin,2025
"05 - Meubles, articles de ménages et entretien courant du foyer",112.6,112.6,0.0,Juin,2025
06 - Santé,101.4,101.4,0.0,Juin,2025
07 - Transport,115.4,115.7,0.3,Juin,2025
08 - Communication,103.9,103.9,0.0,Juin,2025
09 - Loisirs et culture,105.0,105.0,0.0,Juin,2025
10 - Enseignement,121.8,121.8,0.0,Juin,2025
11 - Restaurants et hôtels,120.9,121.4,0.4,Juin,2025
12 - Biens et services divers,116.6,116.7,0.1,Juin,2025
Ensemble,119.0,119.5,0.4,Juin,2025
Produits alimentaires,131.1,130.0,-0.8,Mai,2025
01 - Produits alimentaires et boissons non alcoolisées,130.5,129.4,-0.8,Mai,2025
02 - Boissons alcoolisées et tabac,145.0,144.9,-0.1,Mai,2025
Produits non alimentaires,112.0,111.9,-0.1,Mai,2025
03 - Articles d'habillements et chaussures,117.0,116.9,-0.1,Mai,2025
"04 - Logements, eau, électricité et autres combustibles",109.2,109.3,0.1,Mai,2025
"05 - Meubles, articles de ménages et entretien courant du foyer",112.7,112.6,-0.1,Mai,2025
06 - Santé,101.4,101.4,0.0,Mai,2025
07 - Transport,116.3,115.4,-0.8,Mai,2025
08 - Communication,104.0,103.9,-0.1,Mai,2025
09 - Loisirs et culture,104.9,105.0,0.1,Mai,2025
10 - Enseignement,121.8,121.8,0.0,Mai,2025
11 - Restaurants et hôtels,120.7,120.9,0.2,Mai,2025
12 - Biens et services divers,116.5,116.6,0.1,Mai,2025
Ensemble,119.5,119.0,-0.4,Mai,2025
Produits alimentaires,132.8,131.9,-0.7,Mars,2025
01 - Produits alimentaires et boissons non alcoolisées,132.4,131.4,-0.8,Mars,2025
02 - Boissons alcoolisées et tabac,144.0,144.0,0.0,Mars,2025
Produits non alimentaires,112.2,112.2,0.0,Mars,2025
03 - Articles d'habillements et chaussures,116.5,116.9,0.3,Mars,2025
"04 - Logements, eau, électricité et autres combustibles",108.9,109.1,0.2,Mars,2025
"05 - Meubles,articles de ménages et entretien courant du foyer",112.5,112.6,0.1,Mars,2025
06 - Santé,101.4,101.4,0.0,Mars,2025
07 - Transport,118.2,117.5,-0.6,Mars,2025
08 - Communication,104.1,104.0,-0.1,Mars,2025
09 - Loisirs et culture,105.2,105.1,-0.1,Mars,2025
10 - Enseignement,121.8,121.8,0.0,Mars,2025
11 - Restaurants et hôtels,120.0,120.1,0.1,Mars,2025
12 - Biens et services divers,116.0,116.4,0.3,Mars,2025
Ensemble,120.3,119.9,-0.3,Mars,2025
Produits alimentaires,132.0,132.8,0.6,Février,2025
01 - Produits alimentaires et boissons non alcoolisées,131.6,132.4,0.6,Février,2025
02 - Boissons alcoolisées et tabac,144.0,144.0,0.0,Février,2025
Produits non alimentaires,112.0,112.2,0.2,Février,2025
03 - Articles d'habillements et chaussures,116.4,116.5,0.1,Février,2025
"04 - Logements, eau, électricité et autres combustibles",108.9,108.9,0.0,Février,2025
"05 - Meubles, articles de ménages et entretien courant du foyer",112.3,112.5,0.2,Février,2025
06 - Santé,101.2,101.4,0.2,Février,2025
07 - Transport,117.3,118.2,0.8,Février,2025
08 - Communication,104.1,104.1,0.0,Février,2025
09 - Loisirs et culture,105.3,105.2,-0.1,Février,2025
10 - Enseignement,121.8,121.8,0.0,Février,2025
11 - Restaurants et hôtels,119.8,120.0,0.2,Février,2025
12 - Biens et services divers,115.9,116.0,0.1,Février,2025
Ensemble,119.9,120.3,0.3,Février,2025
Produits alimentaires,130.7,130.2,-0.4,Novembre,2024
01 - Produits alimentaires et boissons non alcoolisées,130.3,129.8,-0.4,Novembre,2024
02 - Boissons alcoolisées et tabac,140.2,140.2,0.0,Novembre,2024
Produits non alimentaires,112.0,112.0,0.0,Novembre,2024
03 - Articles d'habillements et chaussures,116.7,116.6,-0.1,Novembre,2024
"04 - Logements, eau, électricité et autres combustibles",108.7,108.8,0.1,Novembre,2024
"05 - Meubles, articles de ménages et entretien courant du foyer",112.3,112.3,0.0,Novembre,2024
06 - Santé,101.2,101.3,0.1,Novembre,2024
07 - Transport,118.1,117.6,-0.4,Novembre,2024
08 - Communication,104.0,104.1,0.1,Novembre,2024
09 - Loisirs et culture,105.4,105.5,0.1,Novembre,2024
10 - Enseignement,121.8,121.8,0.0,Novembre,2024
11 - Restaurants et hôtels,119.3,119.2,-0.1,Novembre,2024
12 - Biens et services divers,115.7,115.8,0.1,Novembre,2024
Ensemble,119.4,119.2,-0.2,Novembre,2024
Produits alimentaires,131.5,131.4,-0.1,Septembre,2024
01 - Produits alimentaires et boissons non alcoolisées,131.1,131.0,-0.1,Septembre,2024
02 - Boissons alcoolisées et tabac,140.1,140.2,0.1,Septembre,2024
Produits non alimentaires,112.0,112.1,0.1,Septembre,2024
03 - Articles d'habillements et chaussures,116.1,116.5,0.3,Septembre,2024
"04 - Logements, eau, électricité, gaz et autres combustibles",108.7,108.7,0.0,Septembre,2024
"05 - Meubles,articles de ménages et entretien courant du foyer",112.2,112.2,0.0,Septembre,2024
06 - Santé,101.2,101.2,0.0,Septembre,2024
07 - Transport,120.1,119.0,-0.9,Septembre,2024
08 - Communication,104.1,104.0,-0.1,Septembre,2024
09 - Loisirs et culture,105.6,105.4,-0.2,Septembre,2024
10 - Enseignement,119.1,121.7,2.2,Septembre,2024
11 - Restaurants et hôtels,119.1,119.1,0.0,Septembre,2024
12 - Biens et services divers,115.3,115.5,0.2,Septembre,2024
Ensemble,119.7,119.7,0.0,Septembre,2024
Produits alimentaires,129.9,129.2,-0.5,Juillet,2024
01 - Produits alimentaires et boissons non alcoolisées,129.5,128.7,-0.6,Juillet,2024
02 - Boissons alcoolisées et tabac,140.1,140.1,0.0,Juillet,2024
Produits non alimentaires,111.9,112.0,0.1,Juillet,2024
03 - Articles d'habillements et chaussures,116.2,116.1,-0.1,Juillet,2024
"04 - Logements, eau, électricité et autres combustibles",108.6,108.7,0.1,Juillet,2024
"05 - Meubles, articles de ménages et entretien courant du foyer",112.1,112.1,0.0,Juillet,2024
06 - Santé,101.2,101.2,0.0,Juillet,2024
07 - Transport,119.8,120.4,0.5,Juillet,2024
08 - Communication,104.1,104.1,0.0,Juillet,2024
09 - Loisirs et culture,105.6,105.6,0.0,Juillet,2024
10 - Enseignement,119.1,119.1,0.0,Juillet,2024
11 - Restaurants et hôtels,117.0,117.8,0.7,Juillet,2024
12 - Biens et services divers,115.1,115.2,0.1,Juillet,2024
Ensemble,119.0,118.8,-0.2,Juillet,2024
Produits alimentaires,129.3,129.9,0.5,Juin,2024
01 - Produits alimentaires et boissons non alcoolisées,128.9,129.5,0.5,Juin,2024
02 - Boissons alcoolisées et tabac,140.0,140.1,0.1,Juin,2024
Produits non alimentaires,111.6,111.9,0.3,Juin,2024
03 - Articles d'habillements et chaussures,116.1,116.2,0.1,Juin,2024
"04 - Logements, eau, électricité et autres combustibles",107.0,108.6,1.5,Juin,2024
"05 - Meubles, articles de ménages et entretien courant du foyer",112.1,112.1,0.0,Juin,2024
06 - Santé,101.2,101.2,0.0,Juin,2024
07 - Transport,120.6,119.8,-0.7,Juin,2024
08 - Communication,104.0,104.1,0.1,Juin,2024
09 - Loisirs et culture,105.7,105.6,-0.1,Juin,2024
10 - Enseignement,119.1,119.1,0.0,Juin,2024
11 - Restaurants et hôtels,116.4,117.0,0.5,Juin,2024
12 - Biens et services divers,114.9,115.1,0.2,Juin,2024
Ensemble,118.5,119.0,0.4,Juin,2024
Produits alimentaires,130.2,129.3,-0.7,Mai,2024
01 - Produits alimentaires et boissons non alcoolisées,129.8,128.9,-0.7,Mai,2024
02 - Boissons alcoolisées et tabac,139.9,140.0,0.1,Mai,2024
Produits non alimentaires,111.2,111.6,0.4,Mai,2024
03 - Articles d'habillements et chaussures,116.1,116.1,0.0,Mai,2024
"04 - Logements, eau, électricité et autres combustibles",105.3,107.0,1.6,Mai,2024
"05 - Meubles, articles de ménages et entretien courant du foyer",112.2,112.1,-0.1,Mai,2024
06 - Santé,101.1,101.2,0.1,Mai,2024
07 - Transport,121.2,120.6,-0.5,Mai,2024
08 - Communication,104.1,104.0,-0.1,Mai,2024
09 - Loisirs et culture,105.8,105.7,-0.1,Mai,2024
10 - Enseignement,119.1,119.1,0.0,Mai,2024
11 - Restaurants et hôtels,115.6,116.4,0.7,Mai,2024
12 - Biens et services divers,114.8,114.9,0.1,Mai,2024
Ensemble,118.7,118.5,-0.2,Mai,2024
Produits alimentaires,126.9,129.0,1.7,Mars,2024
01 - Produits alimentaires et boissons non alcoolisées,126.4,128.5,1.7,Mars,2024
02 - Boissons alcoolisées et tabac,139.9,139.9,0.0,Mars,2024
Produits non alimentaires,110.9,111.0,0.1,Mars,2024
03 - Articles d'habillements et chaussures,115.2,115.7,0.4,Mars,2024
"04 - Logements, eau, électricité et autres combustibles",105.2,105.2,0.0,Mars,2024
"05 - Meubles, articles de ménages et entretien courant du foyer",112.0,112.1,0.1,Mars,2024
06 - Santé,101.0,101.0,0.0,Mars,2024
07 - Transport,120.3,120.4,0.1,Mars,2024
08 - Communication,104.1,104.1,0.0,Mars,2024
09 - Loisirs et culture,105.3,105.6,0.3,Mars,2024
10 - Enseignement,119.1,119.1,0.0,Mars,2024
11 - Restaurants et hôtels,115.7,115.6,-0.1,Mars,2024
12 - Biens et services divers,114.0,114.4,0.4,Mars,2024
Ensemble,117.2,118.0,0.7,Mars,2024
Produits alimentaires,127.8,126.9,-0.7,Février,2024
01 - Produits alimentaires et boissons non alcoolisées,127.3,126.4,-0.7,Février,2024
02 - Boissons alcoolisées et tabac,139.8,139.9,0.1,Février,2024
Produits non alimentaires,110.8,110.9,0.1,Février,2024
03 - Articles d'habillements et chaussures,115.4,115.2,-0.2,Février,2024
"04 - Logements, eau, électricité et autres combustibles",105.1,105.2,0.1,Février,2024
"05 - Meubles, articles de ménages et entretien courant du foyer",112.0,112.0,0.0,Février,2024
06 - Santé,100.9,101.0,0.1,Février,2024
07 - Transport,120.5,120.3,-0.2,Février,2024
08 - Communication,104.1,104.1,0.0,Février,2024
09 - Loisirs et culture,105.1,105.3,0.2,Février,2024
10 - Enseignement,119.1,119.1,0.0,Février,2024
11 - Restaurants et hôtels,115.7,115.7,0.0,Février,2024
12 - Biens et services divers,113.6,114.0,0.4,Février,2024
Ensemble,117.5,117.2,-0.3,Février,2024
Produits alimentaires,130.1,129.2,-0.7,Novembre,2023
01 - Produits alimentaires et boissons non alcoolisées,129.9,128.9,-0.8,Novembre,2023
02 - Boissons alcoolisées et tabac,136.8,136.8,0.0,Novembre,2023
Produits non alimentaires,111.2,111.2,0.0,Novembre,2023
03 - Articles d'habillements et chaussures,114.4,114.7,0.3,Novembre,2023
"04 - Logements, eau, électricité et autres combustibles",104.9,105.0,0.1,Novembre,2023
"05 - Meubles, articles de ménages et entretien courant du foyer",111.9,112.0,0.1,Novembre,2023
06 - Santé,102.6,102.6,0.0,Novembre,2023
07 - Transport,122.5,122.2,-0.2,Novembre,2023
08 - Communication,104.2,104.2,0.0,Novembre,2023
09 - Loisirs et culture,105.6,105.4,-0.2,Novembre,2023
10 - Enseignement,119.1,119.1,0.0,Novembre,2023
11 - Restaurants et hôtels,115.1,115.2,0.1,Novembre,2023
12 - Biens et services divers,113.1,113.2,0.1,Novembre,2023
Ensemble,118.6,118.3,-0.3,Novembre,2023
Produits alimentaires,128.9,130.6,1.3,Septembre,2023
01 - Produits alimentaires et boissons non alcoolisées,128.6,130.3,1.3,Septembre,2023
02 - Boissons alcoolisées et tabac,136.8,136.8,0.0,Septembre,2023
Produits non alimentaires,110.4,111.0,0.5,Septembre,2023
03 - Articles d'habillements et chaussures,113.9,114.2,0.3,Septembre,2023
"04 - Logements, eau, électricité et autres combustibles",104.8,104.9,0.1,Septembre,2023
"05 - Meubles, articles de ménages et entretien courant du foyer",111.5,111.7,0.2,Septembre,2023
06 - Santé,102.6,102.6,0.0,Septembre,2023
07 - Transport,119.8,121.9,1.8,Septembre,2023
08 - Communication,104.2,104.2,0.0,Septembre,2023
09 - Loisirs et culture,105.6,105.5,-0.1,Septembre,2023
10 - Enseignement,116.7,118.6,1.6,Septembre,2023
11 - Restaurants et hôtels,115.1,115.1,0.0,Septembre,2023
12 - Biens et services divers,112.9,113.1,0.2,Septembre,2023
Ensemble,117.7,118.7,0.8,Septembre,2023
Produits alimentaires,127.7,128.6,0.7,Juillet,2023
01 - Produits alimentaires et boissons non alcoolisées,127.4,128.3,0.7,Juillet,2023
02 - Boissons alcoolisées et tabac,136.8,136.8,0.0,Juillet,2023
Produits non alimentaires,109.8,110.0,0.2,Juillet,2023
03 - Articles d'habillements et chaussures,113.8,114.0,0.2,Juillet,2023
"04 - Logements, eau, électricité et autres combustibles",104.7,104.7,0.0,Juillet,2023
"05 - Meubles, articles de ménages et entretien courant du foyer",111.3,111.4,0.1,Juillet,2023
06 - Santé,102.4,102.4,0.0,Juillet,2023
07 - Transport,117.1,117.4,0.3,Juillet,2023
08 - Communication,104.2,104.2,0.0,Juillet,2023
09 - Loisirs et culture,105.7,105.7,0.0,Juillet,2023
10 - Enseignement,116.7,116.7,0.0,Juillet,2023
11 - Restaurants et hôtels,113.4,114.3,0.8,Juillet,2023
12 - Biens et services divers,112.7,112.8,0.1,Juillet,2023
Ensemble,116.9,117.3,0.3,Juillet,2023
Produits alimentaires,130.9,127.7,-2.4,Juin,2023
01 - Produits alimentaires et boissons non alcoolisées,130.6,127.4,-2.5,Juin,2023
02 - Boissons alcoolisées et tabac,136.7,136.8,0.1,Juin,2023
Produits non alimentaires,109.7,109.8,0.1,Juin,2023
03 - Articles d'habillements et chaussures,113.8,113.8,0.0,Juin,2023
"04 - Logements, eau, électricité et autres combustibles",104.5,104.7,0.2,Juin,2023
"05 - Meubles, articles de ménages et entretien courant du foyer",110.9,111.3,0.4,Juin,2023
06 - Santé,102.4,102.4,0.0,Juin,2023
07 - Transport,117.1,117.1,0.0,Juin,2023
08 - Communication,104.3,104.2,-0.1,Juin,2023
09 - Loisirs et culture,105.8,105.7,-0.1,Juin,2023
10 - Enseignement,116.7,116.7,0.0,Juin,2023
11 - Restaurants et hôtels,112.8,113.4,0.5,Juin,2023
12 - Biens et services divers,112.5,112.7,0.2,Juin,2023
Ensemble,118.0,116.9,-0.9,Juin,2023
Produits alimentaires,131.9,130.9,-0.8,Mai,2023
01 - Produits alimentaires et boissons non alcoolisées,131.7,130.6,-0.8,Mai,2023
02 - Boissons alcoolisées et tabac,136.7,136.7,0.0,Mai,2023
Produits non alimentaires,109.8,109.7,-0.1,Mai,2023
03 - Articles d'habillements et chaussures,113.9,113.8,-0.1,Mai,2023
"04 - Logements, eau, électricité et autres combustibles",104.4,104.5,0.1,Mai,2023
"05 - Meubles, articles de ménages et entretien courant du foyer",110.7,110.9,0.2,Mai,2023
06 - Santé,102.3,102.4,0.1,Mai,2023
07 - Transport,118.0,117.1,-0.8,Mai,2023
08 - Communication,104.3,104.3,0.0,Mai,2023
09 - Loisirs et culture,106.1,105.8,-0.3,Mai,2023
10 - Enseignement,116.7,116.7,0.0,Mai,2023
11 - Restaurants et hôtels,112.3,112.8,0.4,Mai,2023
12 - Biens et services divers,112.4,112.5,0.1,Mai,2023
Ensemble,118.5,118.0,-0.4,Mai,2023
Produits alimentaires,127.4,127.8,0.3,Mars,2023
01 - Produits alimentaires et boissons non alcoolisées,127.0,127.4,0.3,Mars,2023
02 - Boissons alcoolisées et tabac,136.7,136.7,0.0,Mars,2023
Produits non alimentaires,109.9,109.8,-0.1,Mars,2023
03 - Articles d'habillements et chaussures,112.3,112.7,0.4,Mars,2023
"04 - Logements, eau, électricité et autres combustibles",104.3,104.4,0.1,Mars,2023
"05 - Meubles,articles de ménages et entretien courant du foyer",110.5,110.6,0.1,Mars,2023
06 - Santé,102.1,102.2,0.1,Mars,2023
07 - Transport,120.2,119.1,-0.9,Mars,2023
08 - Communication,104.3,104.3,0.0,Mars,2023
09 - Loisirs et culture,106.0,106.1,0.1,Mars,2023
10 - Enseignement,116.7,116.7,0.0,Mars,2023
11 - Restaurants et hôtels,111.8,111.9,0.1,Mars,2023
12 - Biens et services divers,111.8,111.9,0.1,Mars,2023
Ensemble,116.8,116.9,0.1,Mars,2023
Produits alimentaires,122.6,127.4,3.9,Février,2023
01 - Produits alimentaires et boissons non alcoolisées,122.1,127.0,4.0,Février,2023
02 - Boissons alcoolisées et tabac,136.7,136.7,0.0,Février,2023
Produits non alimentaires,109.9,109.9,0.0,Février,2023
03 - Articles d'habillements et chaussures,112.3,112.3,0.0,Février,2023
"04 - Logements, eau, électricité et autres combustibles",104.2,104.3,0.1,Février,2023
"05 - Meubles, articles de ménages et entretien courant du foyer",110.1,110.5,0.4,Février,2023
06 - Santé,102.1,102.1,0.0,Février,2023
07 - Transport,120.5,120.2,-0.2,Février,2023
08 - Communication,104.3,104.3,0.0,Février,2023
09 - Loisirs et culture,105.9,106.0,0.1,Février,2023
10 - Enseignement,116.7,116.7,0.0,Février,2023
11 - Restaurants et hôtels,110.9,111.8,0.8,Février,2023
12 - Biens et services divers,111.5,111.8,0.3,Février,2023
Ensemble,114.9,116.8,1.7,Février,2023
Produits alimentaires,119.6,120.1,0.4,Novembre,2022
01 - Produits alimentaires et boissons non alcoolisées,119.2,119.7,0.4,Novembre,2022
02 - Boissons alcoolisées et tabac,129.8,129.8,0.0,Novembre,2022
Produits non alimentaires,109.8,110.4,0.5,Novembre,2022
03 - Articles d'habillements et chaussures,111.3,111.7,0.4,Novembre,2022
"04 - Logements, eau, électricité et autres combustibles",104.0,104.1,0.1,Novembre,2022
"05 - Meubles, articles de ménages et entretien courant du foyer",109.4,109.7,0.3,Novembre,2022
06 - Santé,101.9,101.9,0.0,Novembre,2022
07 - Transport,122.2,125.2,2.5,Novembre,2022
08 - Communication,104.3,104.3,0.0,Novembre,2022
09 - Loisirs et culture,106.2,106.1,-0.1,Novembre,2022
10 - Enseignement,116.5,116.7,0.2,Novembre,2022
11 - Restaurants et hôtels,109.7,109.9,0.2,Novembre,2022
12 - Biens et services divers,110.9,111.0,0.1,Novembre,2022
Ensemble,113.7,114.2,0.4,Novembre,2022
Produits alimentaires,116.8,118.8,1.7,Septembre,2022
01 - Produits alimentaires et boissons non alcoolisées,116.3,118.3,1.7,Septembre,2022
02 - Boissons alcoolisées et tabac,129.8,129.8,0.0,Septembre,2022
Produits non alimentaires,109.0,109.6,0.6,Septembre,2022
03 - Articles d'habillements et chaussures,110.6,111.0,0.4,Septembre,2022
"04 - Logements, eau, électricité et autres combustibles",103.8,103.9,0.1,Septembre,2022
"05 - Meubles,articles de ménages et entretien courant du foyer",108.3,108.8,0.5,Septembre,2022
06 - Santé,101.9,101.9,0.0,Septembre,2022
07 - Transport,122.0,122.5,0.4,Septembre,2022
08 - Communication,104.2,104.2,0.0,Septembre,2022
09 - Loisirs et culture,105.6,106.0,0.4,Septembre,2022
10 - Enseignement,111.7,115.3,3.2,Septembre,2022
11 - Restaurants et hôtels,108.7,109.2,0.5,Septembre,2022
12 - Biens et services divers,110.2,110.8,0.5,Septembre,2022
Ensemble,112.1,113.2,1.0,Septembre,2022
Produits alimentaires,113.3,115.1,1.6,Juillet,2022
01 - Produits alimentaires et boissons non alcoolisées,112.6,114.5,1.7,Juillet,2022
02 - Boissons alcoolisées et tabac,129.8,129.8,0.0,Juillet,2022
Produits non alimentaires,109.1,109.6,0.5,Juillet,2022
03 - Articles d'habillements et chaussures,109.8,110.0,0.2,Juillet,2022
"04 - Logements, eau, électricité et autres combustibles",103.6,103.7,0.1,Juillet,2022
"05 - Meubles, articles de ménages et entretien courant du foyer",107.5,108.0,0.5,Juillet,2022
06 - Santé,101.9,101.9,0.0,Juillet,2022
07 - Transport,124.0,126.2,1.8,Juillet,2022
08 - Communication,104.0,104.0,0.0,Juillet,2022
09 - Loisirs et culture,105.3,105.4,0.1,Juillet,2022
10 - Enseignement,111.7,111.7,0.0,Juillet,2022
11 - Restaurants et hôtels,107.0,108.0,0.9,Juillet,2022
12 - Biens et services divers,110.0,110.1,0.1,Juillet,2022
Ensemble,110.8,111.8,0.9,Juillet,2022
Produits alimentaires,113.2,113.3,0.1,Juin,2022
01 - Produits alimentaires et boissons non alcoolisées,112.5,112.6,0.1,Juin,2022
02 - Boissons alcoolisées et tabac,129.8,129.8,0.0,Juin,2022
Produits non alimentaires,108.2,109.1,0.8,Juin,2022
03 - Articles d'habillements et chaussures,109.6,109.8,0.2,Juin,2022
"04 - Logements, eau, électricité et autres combustibles",103.4,103.6,0.2,Juin,2022
"05 - Meubles, articles de ménages et entretien courant du foyer",106.6,107.5,0.8,Juin,2022
06 - Santé,101.9,101.9,0.0,Juin,2022
07 - Transport,119.7,124.0,3.6,Juin,2022
08 - Communication,103.8,104.0,0.2,Juin,2022
09 - Loisirs et culture,104.6,105.3,0.7,Juin,2022
10 - Enseignement,111.7,111.7,0.0,Juin,2022
11 - Restaurants et hôtels,105.5,107.0,1.4,Juin,2022
12 - Biens et services divers,109.8,110.0,0.2,Juin,2022
Ensemble,110.2,110.8,0.5,Juin,2022
Produits alimentaires,113.4,113.2,-0.2,Mai,2022
01 - Produits alimentaires et boissons non alcoolisées,112.7,112.5,-0.2,Mai,2022
02 - Boissons alcoolisées et tabac,129.8,129.8,0.0,Mai,2022
Produits non alimentaires,107.6,108.2,0.6,Mai,2022
03 - Articles d'habillements et chaussures,109.1,109.6,0.5,Mai,2022
"04 - Logements, eau, électricité et autres combustibles",103.3,103.4,0.1,Mai,2022
"05 - Meubles, articles de ménages et entretien courant du foyer",104.8,106.6,1.7,Mai,2022
06 - Santé,101.8,101.9,0.1,Mai,2022
07 - Transport,118.1,119.7,1.4,Mai,2022
08 - Communication,103.9,103.8,-0.1,Mai,2022
09 - Loisirs et culture,101.7,104.6,2.9,Mai,2022
10 - Enseignement,111.7,111.7,0.0,Mai,2022
11 - Restaurants et hôtels,105.2,105.5,0.3,Mai,2022
12 - Biens et services divers,109.5,109.8,0.3,Mai,2022
Ensemble,109.9,110.2,0.3,Mai,2022
Produits alimentaires,106.1,110.1,3.8,Mars,2022
01 - Produits alimentaires et boissons non alcoolisées,105.1,109.4,4.1,Mars,2022
02 - Boissons alcoolisées et tabac,129.7,129.8,0.1,Mars,2022
Produits non alimentaires,106.1,106.6,0.5,Mars,2022
03 - Articles d'habillements et chaussures,106.9,107.4,0.5,Mars,2022
"04 - Logements, eau, électricité et autres combustibles",103.2,103.3,0.1,Mars,2022
"05 - Meubles, articles de ménages et entretien courant du foyer",104.1,104.5,0.4,Mars,2022
06 - Santé,101.7,101.8,0.1,Mars,2022
07 - Transport,111.0,113.3,2.1,Mars,2022
08 - Communication,103.8,103.8,0.0,Mars,2022
09 - Loisirs et culture,101.6,101.6,0.0,Mars,2022
10 - Enseignement,111.7,111.7,0.0,Mars,2022
11 - Restaurants et hôtels,105.4,105.4,0.0,Mars,2022
12 - Biens et services divers,109.0,109.2,0.2,Mars,2022
Ensemble,106.1,108.0,1.8,Mars,2022
Produits alimentaires,105.0,106.1,1.0,Février,2022
01 - Produits alimentaires et boissons non alcoolisées,104.0,105.1,1.1,Février,2022
02 - Boissons alcoolisées et tabac,129.7,129.7,0.0,Février,2022
Produits non alimentaires,105.8,106.1,0.3,Février,2022
03 - Articles d'habillements et chaussures,106.9,106.9,0.0,Février,2022
"04 - Logements, eau, électricité et autres combustibles",103.1,103.2,0.1,Février,2022
"05 - Meubles, articles de ménages et entretien courant du foyer",103.7,104.1,0.4,Février,2022
06 - Santé,101.7,101.7,0.0,Février,2022
07 - Transport,109.9,111.0,1.0,Février,2022
08 - Communication,103.7,103.8,0.1,Février,2022
09 - Loisirs et culture,101.5,101.6,0.1,Février,2022
10 - Enseignement,111.7,111.7,0.0,Février,2022
11 - Restaurants et hôtels,105.6,105.4,-0.2,Février,2022
12 - Biens et services divers,108.8,109.0,0.2,Février,2022
Ensemble,105.5,106.1,0.6,Février,2022
Produits alimentaires,105.1,105.0,-0.1,Novembre,2021
01 - Produits alimentaires et boissons non alcoolisées,104.3,104.2,-0.1,Novembre,2021
02 - Boissons alcoolisées et tabac,125.5,125.5,0.0,Novembre,2021
Produits non alimentaires,105.3,105.6,0.3,Novembre,2021
03 - Articles d'habillements et chaussures,105.8,106.3,0.5,Novembre,2021
"04 - Logements, eau, électricité et autres combustibles",102.9,102.9,0.0,Novembre,2021
"05 - Meubles, articles de ménages et entretien courant du foyer",102.5,103.1,0.6,Novembre,2021
06 - Santé,101.8,101.8,0.0,Novembre,2021
07 - Transport,108.5,109.6,1.0,Novembre,2021
08 - Communication,103.6,103.6,0.0,Novembre,2021
09 - Loisirs et culture,100.7,100.9,0.2,Novembre,2021
10 - Enseignement,111.8,111.7,-0.1,Novembre,2021
11 - Restaurants et hôtels,104.9,105.1,0.2,Novembre,2021
12 - Biens et services divers,108.5,108.7,0.2,Novembre,2021
Ensemble,105.2,105.4,0.2,Novembre,2021
Produits alimentaires,102.4,103.6,1.2,Septembre,2021
01 - Produits alimentaires et boissons non alcoolisées,101.5,102.8,1.3,Septembre,2021
02 - Boissons alcoolisées et tabac,125.5,125.5,0.0,Septembre,2021
Produits non alimentaires,104.8,105.0,0.2,Septembre,2021
03 - Articles d'habillements et chaussures,104.5,105.0,0.5,Septembre,2021
"04 - Logements, eau, électricité et autres combustibles",102.8,102.8,0.0,Septembre,2021
"05 - Meubles, articles de ménages et entretien courant du foyer",102.0,102.3,0.3,Septembre,2021
06 - Santé,101.8,101.8,0.0,Septembre,2021
07 - Transport,108.2,108.5,0.3,Septembre,2021
08 - Communication,103.6,103.6,0.0,Septembre,2021
09 - Loisirs et culture,100.1,100.3,0.2,Septembre,2021
10 - Enseignement,110.3,111.4,1.0,Septembre,2021
11 - Restaurants et hôtels,104.9,104.9,0.0,Septembre,2021
12 - Biens et services divers,106.9,107.1,0.2,Septembre,2021
Ensemble,103.8,104.5,0.7,Septembre,2021
Produits alimentaires,102.4,102.8,0.4,Juillet,2021
01 - Produits alimentaires et boissons non alcoolisées,101.4,101.9,0.5,Juillet,2021
02 - Boissons alcoolisées et tabac,125.5,125.5,0.0,Juillet,2021
Produits non alimentaires,104.0,104.4,0.4,Juillet,2021
03 - Articles d'habillements et chaussures,104.5,104.4,-0.1,Juillet,2021
"04 - Logements, eau, électricité et autres combustibles",102.6,102.7,0.1,Juillet,2021
"05 - Meubles, articles de ménages et entretien courant du foyer",101.7,101.9,0.2,Juillet,2021
06 - Santé,101.7,101.7,0.0,Juillet,2021
07 - Transport,105.4,106.7,1.2,Juillet,2021
08 - Communication,103.6,103.6,0.0,Juillet,2021
09 - Loisirs et culture,100.0,100.0,0.0,Juillet,2021
10 - Enseignement,110.3,110.3,0.0,Juillet,2021
11 - Restaurants et hôtels,104.4,104.8,0.4,Juillet,2021
12 - Biens et services divers,105.5,106.9,1.3,Juillet,2021
Ensemble,103.4,103.8,0.4,Juillet,2021
Produits alimentaires,104.4,102.4,-1.9,Juin,2021
01 - Produits alimentaires et boissons non alcoolisées,103.6,101.4,-2.1,Juin,2021
02 - Boissons alcoolisées et tabac,125.4,125.5,0.1,Juin,2021
Produits non alimentaires,103.9,104.0,0.1,Juin,2021
03 - Articles d'habillements et chaussures,104.6,104.5,-0.1,Juin,2021
"04 - Logements, eau, électricité et autres combustibles",102.5,102.6,0.1,Juin,2021
"05 - Meubles, articles de ménages et entretien courant du foyer",101.6,101.7,0.1,Juin,2021
06 - Santé,101.8,101.7,-0.1,Juin,2021
07 - Transport,105.0,105.4,0.4,Juin,2021
08 - Communication,103.7,103.6,-0.1,Juin,2021
09 - Loisirs et culture,100.0,100.0,0.0,Juin,2021
10 - Enseignement,110.3,110.3,0.0,Juin,2021
11 - Restaurants et hôtels,104.3,104.4,0.1,Juin,2021
12 - Biens et services divers,105.3,105.5,0.2,Juin,2021
Ensemble,104.1,103.4,-0.7,Juin,2021
Produits alimentaires,103.9,104.4,0.5,Mai,2021
01 - Produits alimentaires et boissons non alcoolisées,103.0,103.6,0.6,Mai,2021
02 - Boissons alcoolisées et tabac,125.4,125.4,0.0,Mai,2021
Produits non alimentaires,103.8,103.9,0.1,Mai,2021
03 - Articles d'habillements et chaussures,104.2,104.6,0.4,Mai,2021
"04 - Logements, eau, électricité et autres combustibles",102.2,102.5,0.3,Mai,2021
"05 - Meubles, articles de ménages et entretien courant du foyer",101.4,101.6,0.2,Mai,2021
06 - Santé,101.8,101.8,0.0,Mai,2021
07 - Transport,105.1,105.0,-0.1,Mai,2021
08 - Communication,103.8,103.7,-0.1,Mai,2021
09 - Loisirs et culture,99.8,100.0,0.2,Mai,2021
10 - Enseignement,110.3,110.3,0.0,Mai,2021
11 - Restaurants et hôtels,104.2,104.3,0.1,Mai,2021
12 - Biens et services divers,105.2,105.3,0.1,Mai,2021
Ensemble,103.8,104.1,0.3,Mai,2021
Produits alimentaires,100.6,100.9,0.3,Mars,2021
01 - Produits alimentaires et boissons non alcoolisées,99.6,100.0,0.4,Mars,2021
02 - Boissons alcoolisées et tabac,125.4,125.4,0.0,Mars,2021
Produits non alimentaires,103.5,103.7,0.2,Mars,2021
03 - Articles d'habillements et chaussures,103.6,103.6,0.0,Mars,2021
"04 - Logements, eau, électricité et autres combustibles",102.0,102.2,0.2,Mars,2021
"05 - Meubles, articles de ménages et entretien courant du foyer",101.0,101.2,0.2,Mars,2021
06 - Santé,101.6,101.8,0.2,Mars,2021
07 - Transport,104.7,105.3,0.6,Mars,2021
08 - Communication,103.8,103.8,0.0,Mars,2021
09 - Loisirs et culture,99.6,99.7,0.1,Mars,2021
10 - Enseignement,110.3,110.3,0.0,Mars,2021
11 - Restaurants et hôtels,104.1,104.2,0.1,Mars,2021
12 - Biens et services divers,104.4,104.7,0.3,Mars,2021
Ensemble,102.4,102.6,0.2,Mars,2021
Produits alimentaires,100.7,100.6,-0.1,Février,2021
01 - Produits alimentaires et boissons non alcoolisées,99.8,99.6,-0.2,Février,2021
02 - Boissons alcoolisées et tabac,125.4,125.4,0.0,Février,2021
Produits non alimentaires,103.4,103.5,0.1,Février,2021
03 - Articles d'habillements et chaussures,103.7,103.6,-0.1,Février,2021
"04 - Logements, eau, électricité et autres combustibles",102.0,102.0,0.0,Février,2021
"05 - Meubles, articles de ménages et entretien courant du foyer",101.0,101.0,0.0,Février,2021
06 - Santé,101.7,101.6,-0.1,Février,2021
07 - Transport,103.8,104.7,0.9,Février,2021
08 - Communication,103.9,103.8,-0.1,Février,2021
09 - Loisirs et culture,99.5,99.6,0.1,Février,2021
10 - Enseignement,110.3,110.3,0.0,Février,2021
11 - Restaurants et hôtels,104.0,104.1,0.1,Février,2021
12 - Biens et services divers,104.4,104.4,0.0,Février,2021
Ensemble,102.3,102.4,0.1,Février,2021
Produits alimentaires,104.0,102.1,-1.8,Novembre,2020
01 - Produits alimentaires et boissons non alcoolisées,103.3,101.3,-1.9,Novembre,2020
02 - Boissons alcoolisées et tabac,122.6,122.6,0.0,Novembre,2020
Produits non alimentaires,103.0,103.1,0.1,Novembre,2020
03 - Articles d'habillements et chaussures,102.7,103.1,0.4,Novembre,2020
"04 - Logements, eau, électricité et autres combustibles",102.0,102.0,0.0,Novembre,2020
"05 - Meubles, articles de ménages et entretien courant du foyer",101.0,101.1,0.1,Novembre,2020
06 - Santé,101.6,101.7,0.1,Novembre,2020
07 - Transport,102.2,102.3,0.1,Novembre,2020
08 - Communication,104.0,103.9,-0.1,Novembre,2020
09 - Loisirs et culture,99.2,99.3,0.1,Novembre,2020
10 - Enseignement,110.3,110.3,0.0,Novembre,2020
11 - Restaurants et hôtels,103.9,104.1,0.2,Novembre,2020
12 - Biens et services divers,104.1,104.3,0.2,Novembre,2020
Ensemble,103.4,102.7,-0.7,Novembre,2020
Produits alimentaires,103.4,103.9,0.5,Septembre,2020
01 - Produits alimentaires et boissons non alcoolisées,102.6,103.1,0.5,Septembre,2020
02 - Boissons alcoolisées et tabac,122.6,122.6,0.0,Septembre,2020
Produits non alimentaires,102.7,103.0,0.3,Septembre,2020
03 - Articles d'habillements et chaussures,102.1,102.4,0.3,Septembre,2020
"04 - Logements, eau, électricité et autres combustibles",101.9,101.9,0.0,Septembre,2020
"05 - Meubles,articles de ménages et entretien courant du foyer",100.8,100.9,0.1,Septembre,2020
06 - Santé,101.7,101.6,-0.1,Septembre,2020
07 - Transport,102.0,102.6,0.6,Septembre,2020
08 - Communication,104.0,104.0,0.0,Septembre,2020
09 - Loisirs et culture,99.1,99.2,0.1,Septembre,2020
10 - Enseignement,108.4,110.0,1.5,Septembre,2020
11 - Restaurants et hôtels,103.6,103.7,0.1,Septembre,2020
12 - Biens et services divers,104.2,104.1,-0.1,Septembre,2020
Ensemble,103.0,103.3,0.3,Septembre,2020
Produits alimentaires,101.6,100.0,-1.6,Juillet,2020
01 - Produits alimentaires et boissons non alcoolisées,100.8,99.2,-1.6,Juillet,2020
02 - Boissons alcoolisées et tabac,120.2,120.2,0.0,Juillet,2020
Produits non alimentaires,102.1,102.6,0.5,Juillet,2020
03 - Articles d'habillements et chaussures,102.4,102.3,-0.1,Juillet,2020
"04 - Logements, eau, électricité et autres combustibles",101.8,101.9,0.1,Juillet,2020
"05 - Meubles, articles de ménages et entretien courant du foyer",100.8,100.8,0.0,Juillet,2020
06 - Santé,101.5,101.6,0.1,Juillet,2020
07 - Transport,98.4,101.4,3.0,Juillet,2020
08 - Communication,103.9,103.9,0.0,Juillet,2020
09 - Loisirs et culture,99.3,99.2,-0.1,Juillet,2020
10 - Enseignement,108.4,108.4,0.0,Juillet,2020
11 - Restaurants et hôtels,103.3,103.5,0.2,Juillet,2020
12 - Biens et services divers,103.8,104.0,0.2,Juillet,2020
Ensemble,101.9,101.6,-0.3,Juillet,2020
Produits alimentaires,102.9,101.6,-1.3,Juin,2020
01 - Produits alimentaires et boissons non alcoolisées,102.3,100.8,-1.5,Juin,2020
02 - Boissons alcoolisées et tabac,120.2,120.2,0.0,Juin,2020
Produits non alimentaires,101.7,102.1,0.4,Juin,2020
03 - Articles d'habillements et chaussures,102.7,102.4,-0.3,Juin,2020
"04 - Logements, eau, électricité et autres combustibles",101.7,101.8,0.1,Juin,2020
"05 - Meubles, articles de ménages et entretien courant du foyer",100.8,100.8,0.0,Juin,2020
06 - Santé,101.7,101.5,-0.2,Juin,2020
07 - Transport,95.9,98.4,2.6,Juin,2020
08 - Communication,103.9,103.9,0.0,Juin,2020
09 - Loisirs et culture,99.3,99.3,0.0,Juin,2020
10 - Enseignement,108.5,108.4,-0.1,Juin,2020
11 - Restaurants et hôtels,103.2,103.3,0.1,Juin,2020
12 - Biens et services divers,103.8,103.8,0.0,Juin,2020
Ensemble,102.2,101.9,-0.3,Juin,2020
Produits alimentaires,103.5,102.9,-0.6,Mai,2020
01 - Produits alimentaires et boissons non alcoolisées,102.9,102.3,-0.6,Mai,2020
02 - Boissons alcoolisées et tabac,120.2,120.2,0.0,Mai,2020
Produits non alimentaires,101.6,101.7,0.1,Mai,2020
03 - Articles d'habillements et chaussures,102.6,102.7,0.1,Mai,2020
"04 - Logements, eau, électricité et autres combustibles",101.5,101.7,0.2,Mai,2020
"05 - Meubles, articles de ménages et entretien courant du foyer",100.7,100.8,0.1,Mai,2020
06 - Santé,101.7,101.7,0.0,Mai,2020
07 - Transport,96.0,95.9,-0.1,Mai,2020
08 - Communication,103.9,103.9,0.0,Mai,2020
09 - Loisirs et culture,99.6,99.3,-0.3,Mai,2020
10 - Enseignement,108.5,108.5,0.0,Mai,2020
11 - Restaurants et hôtels,103.3,103.2,-0.1,Mai,2020
12 - Biens et services divers,103.8,103.8,0.0,Mai,2020
Ensemble,102.4,102.2,-0.2,Mai,2020
Produits alimentaires,127.7,129.3,1.3,Mars,2020
01 - Produits alimentaires et boissons non alcoolisées,126.4,128.1,1.3,Mars,2020
02 - Boissons alcoolisées et tabac,159.4,159.4,0.0,Mars,2020
Produits non alimentaires,115.4,115.2,-0.2,Mars,2020
03 - Articles d'habillements et chaussures,119.0,118.9,-0.1,Mars,2020
"04 - Logements, eau, électricité et autres combustibles",117.6,117.7,0.1,Mars,2020
"05 - Meubles, articles de ménages et entretien courant du foyer",112.6,112.7,0.1,Mars,2020
06 - Santé,107.7,107.9,0.2,Mars,2020
07 - Transport,111.9,109.9,-1.8,Mars,2020
08 - Communication,59.5,59.5,0.0,Mars,2020
09 - Loisirs et culture,101.6,101.6,0.0,Mars,2020
10 - Enseignement,157.6,157.6,0.0,Mars,2020
11 - Restaurants et hôtels,134.8,134.8,0.0,Mars,2020
12 - Biens et services divers,124.6,124.6,0.0,Mars,2020
Ensemble,120.8,121.3,0.4,Mars,2020
Produits alimentaires,128.1,127.7,-0.3,Février,2020
01 - Produits alimentaires et boissons non alcoolisées,126.8,126.4,-0.3,Février,2020
02 - Boissons alcoolisées et tabac,159.4,159.4,0.0,Février,2020
Produits non alimentaires,115.6,115.4,-0.2,Février,2020
03 - Articles d'habillements et chaussures,119.1,119.0,-0.1,Février,2020
"04 - Logements, eau, électricité et autres combustibles",117.6,117.6,0.0,Février,2020
"05 - Meubles, articles de ménages et entretien courant du foyer",112.6,112.6,0.0,Février,2020
06 - Santé,107.4,107.7,0.3,Février,2020
07 - Transport,113.3,111.9,-1.2,Février,2020
08 - Communication,59.5,59.5,0.0,Février,2020
09 - Loisirs et culture,101.5,101.6,0.1,Février,2020
10 - Enseignement,157.6,157.6,0.0,Février,2020
11 - Restaurants et hôtels,134.8,134.8,0.0,Février,2020
12 - Biens et services divers,124.6,124.6,0.0,Février,2020
Ensemble,121.1,120.8,-0.2,Février,2020
Produits alimentaires,127.3,128.6,1.0,Novembre,2019
01 - Produits alimentaires et boissons non alcoolisées,126.1,127.4,1.0,Novembre,2019
02 - Boissons alcoolisées et tabac,159.4,159.4,0.0,Novembre,2019
Produits non alimentaires,115.4,115.4,0.0,Novembre,2019
03 - Articles d'habillements et chaussures,118.9,119.1,0.2,Novembre,2019
"04 - Logements, eau, électricité et autres combustibles",117.7,117.7,0.0,Novembre,2019
"05 - Meubles, articles de ménages et entretien courant du foyer",112.2,112.3,0.1,Novembre,2019
06 - Santé,107.2,107.4,0.2,Novembre,2019
07 - Transport,113.3,112.8,-0.4,Novembre,2019
08 - Communication,59.7,59.5,-0.3,Novembre,2019
09 - Loisirs et culture,101.5,101.5,0.0,Novembre,2019
10 - Enseignement,157.0,157.6,0.4,Novembre,2019
11 - Restaurants et hôtels,134.4,134.7,0.2,Novembre,2019
12 - Biens et services divers,123.8,123.8,0.0,Novembre,2019
Ensemble,120.7,121.2,0.4,Novembre,2019
Produits alimentaires,128.1,126.8,-1.0,Septembre,2019
01 - Produits alimentaires et boissons non alcoolisées,126.8,125.5,-1.0,Septembre,2019
02 - Boissons alcoolisées et tabac,159.4,159.4,0.0,Septembre,2019
Produits non alimentaires,114.9,115.1,0.2,Septembre,2019
03 - Articles d'habillements et chaussures,117.9,118.4,0.4,Septembre,2019
"04 - Logements, eau, électricité et autres combustibles",117.6,117.6,0.0,Septembre,2019
"05 - Meubles, articles de ménages et entretien courant du foyer",112.5,112.7,0.2,Septembre,2019
06 - Santé,106.9,106.9,0.0,Septembre,2019
07 - Transport,113.1,112.7,-0.4,Septembre,2019
08 - Communication,59.7,59.7,0.0,Septembre,2019
09 - Loisirs et culture,101.4,101.5,0.1,Septembre,2019
10 - Enseignement,153.5,156.6,2.0,Septembre,2019
11 - Restaurants et hôtels,133.9,134.0,0.1,Septembre,2019
12 - Biens et services divers,123.6,123.7,0.1,Septembre,2019
Ensemble,120.6,120.3,-0.2,Septembre,2019
Produits alimentaires,129.8,127.2,-2.0,Juillet,2019
01 - Produits alimentaires et boissons non alcoolisées,128.6,125.9,-2.1,Juillet,2019
02 - Boissons alcoolisées et tabac,159.4,159.4,0.0,Juillet,2019
Produits non alimentaires,114.8,114.7,-0.1,Juillet,2019
03 - Articles d'habillements et chaussures,117.7,117.7,0.0,Juillet,2019
"04 - Logements, eau, électricité et autres combustibles",117.2,117.4,0.2,Juillet,2019
"05 - Meubles, articles de ménages et entretien courant du foyer",112.4,112.2,-0.2,Juillet,2019
06 - Santé,106.8,106.8,0.0,Juillet,2019
07 - Transport,112.9,112.7,-0.2,Juillet,2019
08 - Communication,59.6,59.7,0.2,Juillet,2019
09 - Loisirs et culture,101.2,101.3,0.1,Juillet,2019
10 - Enseignement,153.5,153.5,0.0,Juillet,2019
11 - Restaurants et hôtels,133.4,133.5,0.1,Juillet,2019
12 - Biens et services divers,123.4,123.5,0.1,Juillet,2019
Ensemble,121.2,120.2,-0.8,Juillet,2019
Produits alimentaires,129.4,129.8,0.3,Juin,2019
01 - Produits alimentaires et boissons non alcoolisées,128.2,128.6,0.3,Juin,2019
02 - Boissons alcoolisées et tabac,159.4,159.4,0.0,Juin,2019
Produits non alimentaires,114.7,114.8,0.1,Juin,2019
03 - Articles d'habillements et chaussures,117.8,117.7,-0.1,Juin,2019
"04 - Logements, eau, électricité et autres combustibles",117.2,117.2,0.0,Juin,2019
"05 - Meubles, articles de ménages et entretien courant du foyer",112.3,112.4,0.1,Juin,2019
06 - Santé,106.6,106.8,0.2,Juin,2019
07 - Transport,113.2,112.9,-0.3,Juin,2019
08 - Communication,59.6,59.6,0.0,Juin,2019
09 - Loisirs et culture,100.9,101.2,0.3,Juin,2019
10 - Enseignement,153.5,153.5,0.0,Juin,2019
11 - Restaurants et hôtels,133.0,133.4,0.3,Juin,2019
12 - Biens et services divers,123.3,123.4,0.1,Juin,2019
Ensemble,121.0,121.2,0.2,Juin,2019
Produits alimentaires,127.5,129.4,1.5,Mai,2019
01 - Produits alimentaires et boissons non alcoolisées,126.2,128.2,1.6,Mai,2019
02 - Boissons alcoolisées et tabac,159.4,159.4,0.0,Mai,2019
Produits non alimentaires,114.4,114.7,0.3,Mai,2019
03 - Articles d'habillements et chaussures,117.0,117.8,0.7,Mai,2019
"04 - Logements, eau, électricité et autres combustibles",117.1,117.2,0.1,Mai,2019
"05 - Meubles, articles de ménages et entretien courant du foyer",112.2,112.3,0.1,Mai,2019
06 - Santé,106.6,106.6,0.0,Mai,2019
07 - Transport,112.3,113.2,0.8,Mai,2019
08 - Communication,59.6,59.6,0.0,Mai,2019
09 - Loisirs et culture,101.0,100.9,-0.1,Mai,2019
10 - Enseignement,153.5,153.5,0.0,Mai,2019
11 - Restaurants et hôtels,133.2,133.0,-0.2,Mai,2019
12 - Biens et services divers,123.3,123.3,0.0,Mai,2019
Ensemble,120.2,121.0,0.7,Mai,2019
Produits alimentaires,126.2,125.8,-0.3,Mars,2019
01 - Produits alimentaires et boissons non alcoolisées,124.9,124.4,-0.4,Mars,2019
02 - Boissons alcoolisées et tabac,159.4,159.4,0.0,Mars,2019
Produits non alimentaires,114.2,114.4,0.2,Mars,2019
03 - Articles d'habillements et chaussures,117.4,117.1,-0.3,Mars,2019
"04 - Logements, eau, électricité et autres combustibles",117.0,117.1,0.1,Mars,2019
"05 - Meubles, articles de ménages et entretien courant du foyer",112.1,112.1,0.0,Mars,2019
06 - Santé,106.6,106.6,0.0,Mars,2019
07 - Transport,109.9,111.5,1.5,Mars,2019
08 - Communication,59.6,59.6,0.0,Mars,2019
09 - Loisirs et culture,100.0,100.8,0.8,Mars,2019
10 - Enseignement,153.5,153.5,0.0,Mars,2019
11 - Restaurants et hôtels,133.0,133.1,0.1,Mars,2019
12 - Biens et services divers,123.0,123.0,0.0,Mars,2019
Ensemble,119.5,119.5,0.0,Mars,2019
Produits alimentaires,126.4,126.2,-0.2,Février,2019
01 - Produits alimentaires et boissons non alcoolisées,125.1,124.9,-0.2,Février,2019
02 - Boissons alcoolisées et tabac,159.4,159.4,0.0,Février,2019
Produits non alimentaires,114.0,114.2,0.2,Février,2019
03 - Articles d'habillements et chaussures,117.6,117.4,-0.2,Février,2019
"04 - Logements, eau, électricité et autres combustibles",116.9,117.0,0.1,Février,2019
"05 - Meubles, articles de ménages et entretien courant du foyer",112.1,112.1,0.0,Février,2019
06 - Santé,106.5,106.6,0.1,Février,2019
07 - Transport,109.0,109.9,0.8,Février,2019
08 - Communication,59.6,59.6,0.0,Février,2019
09 - Loisirs et culture,99.7,100.0,0.3,Février,2019
10 - Enseignement,153.5,153.5,0.0,Février,2019
11 - Restaurants et hôtels,133.0,133.0,0.0,Février,2019
12 - Biens et services divers,123.0,123.0,0.0,Février,2019
Ensemble,119.5,119.5,0.0,Février,2019
Produits alimentaires,128.6,127.0,-1.2,Décembre,2018
01 - Produits alimentaires et boissons non alcoolisées,128.3,126.6,-1.3,Décembre,2018
02 - Boissons alcoolisées et tabac,138.5,138.5,0.0,Décembre,2018
Produits non alimentaires,114.7,114.2,-0.4,Décembre,2018
03 - Articles d'habillements et chaussures,117.7,117.7,0.0,Décembre,2018
"04 - Logements, eau, électricité et autres combustibles",116.7,116.7,0.0,Décembre,2018
"05 - Meubles, articles de ménages et entretien courant du foyer",111.4,111.4,0.0,Décembre,2018
06 – Santé,106.3,106.4,0.1,Décembre,2018
07 – Transport,113.1,110.5,-2.3,Décembre,2018
08 – Communication,59.6,59.6,0.0,Décembre,2018
09 - Loisirs et culture,99.7,99.7,0.0,Décembre,2018
10 – Enseignement,153.5,153.5,0.0,Décembre,2018
11 - Restaurants et hôtels,132.7,132.8,0.1,Décembre,2018
12 - Biens et services divers,123.0,123.0,0.0,Décembre,2018
Ensemble,120.7,119.8,-0.7,Décembre,2018
Produits alimentaires,126.6,128.6,1.6,Novembre,2018
01 - Produits alimentaires et boissons non alcoolisées,126.1,128.3,1.7,Novembre,2018
02 - Boissons alcoolisées et tabac,138.5,138.5,0.0,Novembre,2018
Produits non alimentaires,114.5,114.7,0.2,Novembre,2018
03 - Articles d'habillements et chaussures,117.3,117.7,0.3,Novembre,2018
"04 - Logements, eau, électricité et autres combustibles",116.7,116.7,0.0,Novembre,2018
"05 - Meubles, articles de ménages et entretien courant du foyer",111.4,111.4,0.0,Novembre,2018
06 - Santé,105.9,106.3,0.4,Novembre,2018
07 - Transport,113.5,113.1,-0.4,Novembre,2018
08 - Communication,59.6,59.6,0.0,Novembre,2018
09 - Loisirs et culture,99.7,99.7,0.0,Novembre,2018
10 - Enseignement,153.5,153.5,0.0,Novembre,2018
11 - Restaurants et hôtels,132.6,132.7,0.1,Novembre,2018
12 - Biens et services divers,123.0,123.0,0.0,Novembre,2018
Ensemble,119.9,120.7,0.7,Novembre,2018
Produits alimentaires,127.5,127.2,-0.2,Septembre,2018
01 - Produits alimentaires et boissons non alcoolisées,127.1,126.8,-0.2,Septembre,2018
02 - Boissons alcoolisées et tabac,138.5,138.5,0.0,Septembre,2018
Produits non alimentaires,113.8,114.4,0.5,Septembre,2018
03 - Articles d'habillements et chaussures,116.7,117.1,0.3,Septembre,2018
"04 - Logements, eau, électricité et autres combustibles",116.5,116.7,0.2,Septembre,2018
"05 - Meubles, articles de ménages et entretien courant du foyer",111.2,111.3,0.1,Septembre,2018
06 - Santé,105.6,105.7,0.1,Septembre,2018
07 - Transport,112.6,113.0,0.4,Septembre,2018
08 - Communication,59.2,59.2,0.0,Septembre,2018
09 - Loisirs et culture,99.6,99.6,0.0,Septembre,2018
10 - Enseignement,148.4,153.4,3.4,Septembre,2018
11 - Restaurants et hôtels,132.3,132.5,0.2,Septembre,2018
12 - Biens et services divers,122.8,122.9,0.1,Septembre,2018
Ensemble,119.7,120.0,0.3,Septembre,2018
Produits alimentaires,130.7,127.8,-2.2,Juillet,2018
01 - Produits alimentaires et boissons non alcoolisées,130.4,127.4,-2.3,Juillet,2018
02 - Boissons alcoolisées et tabac,138.5,138.5,0.0,Juillet,2018
Produits non alimentaires,113.8,113.7,-0.1,Juillet,2018
03 - Articles d'habillements et chaussures,116.9,116.7,-0.2,Juillet,2018
"04 - Logements, eau, électricité et autres combustibles",116.1,116.3,0.2,Juillet,2018
"05 - Meubles, articles de ménages et entretien courant du foyer",110.8,111.3,0.5,Juillet,2018
06 - Santé,105.6,105.6,0.0,Juillet,2018
07 - Transport,112.7,112.7,0.0,Juillet,2018
08 - Communication,59.4,59.2,-0.3,Juillet,2018
09 - Loisirs et culture,99.5,99.5,0.0,Juillet,2018
10 - Enseignement,148.4,148.4,0.0,Juillet,2018
11 - Restaurants et hôtels,132.4,132.6,0.2,Juillet,2018
12 - Biens et services divers,122.7,122.9,0.2,Juillet,2018
Ensemble,120.9,119.8,-0.9,Juillet,2018
Produits alimentaires,130.3,130.7,0.3,Juin,2018
01 - Produits alimentaires et boissons non alcoolisées,130.0,130.4,0.3,Juin,2018
02 - Boissons alcoolisées et tabac,138.5,138.5,0.0,Juin,2018
Produits non alimentaires,113.7,113.8,0.1,Juin,2018
03 - Articles d'habillements et chaussures,116.3,116.9,0.5,Juin,2018
"04 - Logements, eau, électricité et autres combustibles",116.1,116.1,0.0,Juin,2018
"05 - Meubles, articles de ménages et entretien courant du foyer",110.7,110.8,0.1,Juin,2018
06 - Santé,105.6,105.6,0.0,Juin,2018
07 - Transport,112.2,112.7,0.4,Juin,2018
08 - Communication,59.4,59.4,0.0,Juin,2018
09 - Loisirs et culture,99.5,99.5,0.0,Juin,2018
10 - Enseignement,148.4,148.4,0.0,Juin,2018
11 - Restaurants et hôtels,131.9,132.4,0.4,Juin,2018
12 - Biens et services divers,122.7,122.7,0.0,Juin,2018
Ensemble,120.6,120.9,0.2,Juin,2018
Produits alimentaires,129.0,130.3,1.0,Mai,2018
01 - Produits alimentaires et boissons non alcoolisées,128.6,130.0,1.1,Mai,2018
02 - Boissons alcoolisées et tabac,138.5,138.5,0.0,Mai,2018
Produits non alimentaires,113.5,113.7,0.2,Mai,2018
03 - Articles d'habillements et chaussures,116.0,116.3,0.3,Mai,2018
"04 - Logements, eau, électricité et autres combustibles",116.0,116.1,0.1,Mai,2018
"05 - Meubles, articles de ménages et entretien courant du foyer",110.3,110.7,0.4,Mai,2018
06 - Santé,105.6,105.6,0.0,Mai,2018
07 - Transport,111.8,112.2,0.4,Mai,2018
08 - Communication,59.4,59.4,0.0,Mai,2018
09 - Loisirs et culture,99.5,99.5,0.0,Mai,2018
10 - Enseignement,148.4,148.4,0.0,Mai,2018
11 - Restaurants et hôtels,131.8,131.9,0.1,Mai,2018
12 - Biens et services divers,122.7,122.7,0.0,Mai,2018
Ensemble,120.0,120.6,0.5,Mai,2018
Produits alimentaires,127.8,128.1,0.2,Mars,2018
01 - Produits alimentaires et boissons non alcoolisées,127.5,127.8,0.2,Mars,2018
02 - Boissons alcoolisées et tabac,138.5,138.5,0.0,Mars,2018
Produits non alimentaires,113.2,113.2,0.0,Mars,2018
03 - Articles d'habillements et chaussures,116.3,116.4,0.1,Mars,2018
"04 - Logements, eau, électricité et autres combustibles",115.7,115.9,0.2,Mars,2018
"05 - Meubles, articles de ménages et entretien courant du foyer",110.2,110.2,0.0,Mars,2018
06 - Santé,105.5,105.5,0.0,Mars,2018
07 - Transport,111.6,111.0,-0.5,Mars,2018
08 - Communication,59.4,59.4,0.0,Mars,2018
09 - Loisirs et culture,99.4,99.4,0.0,Mars,2018
10 - Enseignement,148.4,148.4,0.0,Mars,2018
11 - Restaurants et hôtels,130.9,131.1,0.2,Mars,2018
12 - Biens et services divers,122.1,122.3,0.2,Mars,2018
Ensemble,119.5,119.6,0.1,Mars,2018
Produits alimentaires,129.4,127.8,-1.2,Février,2018
01 - Produits alimentaires et boissons non alcoolisées,129.1,127.5,-1.2,Février,2018
02 - Boissons alcoolisées et tabac,138.5,138.5,0.0,Février,2018
Produits non alimentaires,113.3,113.2,-0.1,Février,2018
03 - Articles d'habillements et chaussures,116.6,116.3,-0.3,Février,2018
"04 - Logements, eau, électricité et autres combustibles",115.7,115.7,0.0,Février,2018
"05 - Meubles, articles de ménages et entretien courant du foyer",110.0,110.2,0.2,Février,2018
06 - Santé,105.5,105.5,0.0,Février,2018
07 - Transport,111.6,111.6,0.0,Février,2018
08 - Communication,59.4,59.4,0.0,Février,2018
09 - Loisirs et culture,98.8,99.4,0.6,Février,2018
10 - Enseignement,148.4,148.4,0.0,Février,2018
11 - Restaurants et hôtels,130.8,130.9,0.1,Février,2018
12 - Biens et services divers,122.2,122.1,-0.1,Février,2018
Ensemble,120.1,119.5,-0.5,Février,2018
Produits alimentaires,127.6,128.7,0.9,Novembre,2017
01 - Produits alimentaires et boissons non alcoolisées,127.7,128.9,0.9,Novembre,2017
02 - Boissons alcoolisées et tabac,125.3,125.3,0.0,Novembre,2017
Produits non alimentaires,112.2,112.4,0.2,Novembre,2017
03 - Articles d'habillements et chaussures,116.1,116.4,0.3,Novembre,2017
"04 - Logements, eau, électricité et autres combustibles",115.6,115.6,0.0,Novembre,2017
"05 - Meubles, articles de ménages et entretien courant du foyer",109.9,109.9,0.0,Novembre,2017
06 - Santé,105.4,105.5,0.1,Novembre,2017
07 - Transport,111.0,111.5,0.5,Novembre,2017
08 - Communication,59.4,59.4,0.0,Novembre,2017
09 - Loisirs et culture,98.9,98.9,0.0,Novembre,2017
10 - Enseignement,148.4,148.4,0.0,Novembre,2017
11 - Restaurants et hôtels,130.6,130.6,0.0,Novembre,2017
12 - Biens et services divers,115.5,115.6,0.1,Novembre,2017
Ensemble,118.6,119.1,0.4,Novembre,2017
Produits alimentaires,126.1,128.0,1.5,Septembre,2017
01 - Produits alimentaires et boissons non alcoolisées,126.2,128.1,1.5,Septembre,2017
02 - Boissons alcoolisées et tabac,125.3,125.3,0.0,Septembre,2017
Produits non alimentaires,111.7,112.1,0.4,Septembre,2017
03 - Articles d'habillements et chaussures,115.6,115.8,0.2,Septembre,2017
"04 - Logements, eau, électricité et autres combustibles",115.3,115.4,0.1,Septembre,2017
"05 - Meubles, articles de ménages et entretien courant du foyer",109.9,109.9,0.0,Septembre,2017
06 - Santé,105.3,105.3,0.0,Septembre,2017
07 - Transport,110.2,110.7,0.5,Septembre,2017
08 - Communication,59.4,59.4,0.0,Septembre,2017
09 - Loisirs et culture,98.8,98.8,0.0,Septembre,2017
10 - Enseignement,145.5,148.4,2.0,Septembre,2017
11 - Restaurants et hôtels,130.2,130.7,0.4,Septembre,2017
12 - Biens et services divers,115.3,115.6,0.3,Septembre,2017
Ensemble,117.7,118.7,0.8,Septembre,2017
Produits alimentaires,126.8,125.5,-1.0,Juillet,2017
01 - Produits alimentaires et boissons non alcoolisées,127.1,125.5,-1.3,Juillet,2017
02 - Boissons alcoolisées et tabac,122.8,125.3,2.0,Juillet,2017
Produits non alimentaires,111.6,111.5,-0.1,Juillet,2017
03 - Articles d'habillements et chaussures,115.7,115.7,0.0,Juillet,2017
"04 - Logements, eau, électricité et autres combustibles",115.2,115.2,0.0,Juillet,2017
"05 - Meubles, articles de ménages et entretien courant du foyer",109.7,109.8,0.1,Juillet,2017
06 - Santé,105.2,105.2,0.0,Juillet,2017
07 - Transport,110.1,109.5,-0.5,Juillet,2017
08 - Communication,59.4,59.4,0.0,Juillet,2017
09 - Loisirs et culture,98.7,98.7,0.0,Juillet,2017
10 - Enseignement,145.5,145.5,0.0,Juillet,2017
11 - Restaurants et hôtels,129.6,129.6,0.0,Juillet,2017
12 - Biens et services divers,115.3,115.2,-0.1,Juillet,2017
Ensemble,117.9,117.3,-0.5,Juillet,2017
Produits alimentaires,126.0,126.8,0.6,Juin,2017
01 - Produits alimentaires et boissons non alcoolisées,126.1,127.1,0.8,Juin,2017
02 - Boissons alcoolisées et tabac,122.8,122.8,0.0,Juin,2017
Produits non alimentaires,111.6,111.6,0.0,Juin,2017
03 - Articles d'habillements et chaussures,115.2,115.7,0.4,Juin,2017
"04 - Logements, eau, électricité et autres combustibles",115.1,115.2,0.1,Juin,2017
"05 - Meubles, articles de ménages et entretien courant du foyer",109.6,109.7,0.1,Juin,2017
06 - Santé,105.2,105.2,0.0,Juin,2017
07 - Transport,110.3,110.1,-0.2,Juin,2017
08 - Communication,59.4,59.4,0.0,Juin,2017
09 - Loisirs et culture,98.7,98.7,0.0,Juin,2017
10 - Enseignement,145.5,145.5,0.0,Juin,2017
11 - Restaurants et hôtels,129.4,129.6,0.2,Juin,2017
12 - Biens et services divers,115.2,115.3,0.1,Juin,2017
Ensemble,117.5,117.9,0.3,Juin,2017
Produits alimentaires,124.4,126.0,1.3,Mai,2017
01 - Produits alimentaires et boissons non alcoolisées,124.5,126.1,1.3,Mai,2017
02 - Boissons alcoolisées et tabac,122.8,122.8,0.0,Mai,2017
Produits non alimentaires,111.6,111.6,0.0,Mai,2017
03 - Articles d'habillements et chaussures,115.2,115.2,0.0,Mai,2017
"04 - Logements, eau, électricité et autres combustibles",115.1,115.1,0.0,Mai,2017
"05 - Meubles, articles de ménages et entretien courant du foyer",109.6,109.6,0.0,Mai,2017
06 - Santé,105.1,105.2,0.1,Mai,2017
07 - Transport,110.6,110.3,-0.3,Mai,2017
08 - Communication,59.4,59.4,0.0,Mai,2017
09 - Loisirs et culture,98.7,98.7,0.0,Mai,2017
10 - Enseignement,145.5,145.5,0.0,Mai,2017
11 - Restaurants et hôtels,129.4,129.4,0.0,Mai,2017
12 - Biens et services divers,114.9,115.2,0.3,Mai,2017
Ensemble,116.9,117.5,0.5,Mai,2017
Produits alimentaires,125.7,124.0,-1.4,Mars,2017
01 - Produits alimentaires et boissons non alcoolisées,125.9,124.1,-1.4,Mars,2017
02 - Boissons alcoolisées et tabac,122.8,122.8,0.0,Mars,2017
Produits non alimentaires,111.5,111.6,0.1,Mars,2017
03 - Articles d'habillements et chaussures,115.4,115.4,0.0,Mars,2017
"04 - Logements, eau, électricité et autres combustibles",115.0,115.0,0.0,Mars,2017
"05 - Meubles, articles de ménages et entretien courant du foyer",109.7,109.7,0.0,Mars,2017
06 - Santé,104.8,105.1,0.3,Mars,2017
07 - Transport,110.9,110.8,-0.1,Mars,2017
08 - Communication,59.4,59.4,0.0,Mars,2017
09 - Loisirs et culture,98.6,98.6,0.0,Mars,2017
10 - Enseignement,145.5,145.5,0.0,Mars,2017
11 - Restaurants et hôtels,128.1,129.0,0.7,Mars,2017
12 - Biens et services divers,114.7,114.7,0.0,Mars,2017
Ensemble,117.4,116.7,-0.6,Mars,2017
Produits alimentaires,126.7,125.7,-0.8,Février,2017
01 - Produits alimentaires et boissons non alcoolisées,126.9,125.9,-0.8,Février,2017
02 - Boissons alcoolisées et tabac,122.7,122.8,0.1,Février,2017
Produits non alimentaires,111.4,111.5,0.1,Février,2017
03 - Articles d'habillements et chaussures,115.1,115.4,0.3,Février,2017
"04 - Logements, eau, électricité et autres combustibles",114.9,115.0,0.1,Février,2017
"05 - Meubles, articles de ménages et entretien courant du foyer",109.6,109.7,0.1,Février,2017
06 - Santé,104.6,104.8,0.2,Février,2017
07 - Transport,110.9,110.9,0.0,Février,2017
08 - Communication,59.4,59.4,0.0,Février,2017
09 - Loisirs et culture,98.6,98.6,0.0,Février,2017
10 - Enseignement,145.5,145.5,0.0,Février,2017
11 - Restaurants et hôtels,127.1,128.1,0.8,Février,2017
12 - Biens et services divers,114.6,114.7,0.1,Février,2017
Ensemble,117.7,117.4,-0.3,Février,2017
Produits alimentaires,127.0,126.7,-0.2,Décembre,2016
01 - Produits alimentaires et boissons non alcoolisées,127.2,126.9,-0.2,Décembre,2016
02 - Boissons alcoolisées et tabac,122.7,122.7,0.0,Décembre,2016
Produits non alimentaires,110.9,111.0,0.1,Décembre,2016
03 - Articles d'habillements et chaussures,114.5,114.9,0.3,Décembre,2016
"04 - Logements, eau, électricité et autres combustibles",114.2,114.2,0.0,Décembre,2016
"05 - Meubles, articles de ménages et entretien courant du foyer",109.4,109.4,0.0,Décembre,2016
06 – Santé,104.6,104.6,0.0,Décembre,2016
07 – Transport,109.9,109.9,0.0,Décembre,2016
08 – Communication,59.4,59.4,0.0,Décembre,2016
09 - Loisirs et culture,98.7,98.7,0.0,Décembre,2016
10 – Enseignement,145.5,145.5,0.0,Décembre,2016
11 - Restaurants et hôtels,126.8,127.1,0.2,Décembre,2016
12 - Biens et services divers,114.5,114.5,0.0,Décembre,2016
Ensemble,117.6,117.5,-0.1,Décembre,2016
Produits alimentaires,127.9,127.0,-0.7,Novembre,2016
01 - Produits alimentaires et boissons non alcoolisées,128.2,127.2,-0.8,Novembre,2016
02 - Boissons alcoolisées et tabac,122.7,122.7,0.0,Novembre,2016
Produits non alimentaires,110.8,110.9,0.1,Novembre,2016
03 - Articles d'habillements et chaussures,114.3,114.5,0.2,Novembre,2016
"04 - Logements, eau, électricité et autres combustibles",114.0,114.2,0.2,Novembre,2016
"05 - Meubles, articles de ménages et entretien courant du foyer",109.4,109.4,0.0,Novembre,2016
06 - Santé,104.5,104.6,0.1,Novembre,2016
07 - Transport,109.7,109.9,0.2,Novembre,2016
08 - Communication,59.4,59.4,0.0,Novembre,2016
09 - Loisirs et culture,98.7,98.7,0.0,Novembre,2016
10 - Enseignement,145.4,145.5,0.1,Novembre,2016
11 - Restaurants et hôtels,126.6,126.8,0.2,Novembre,2016
12 - Biens et services divers,114.5,114.5,0.0,Novembre,2016
Ensemble,117.9,117.6,-0.3,Novembre,2016
Produits alimentaires,127.5,128.9,1.1,Septembre,2016
01 - Produits alimentaires et boissons non alcoolisées,127.8,129.3,1.2,Septembre,2016
02 - Boissons alcoolisées et tabac,122.7,122.7,0.0,Septembre,2016
Produits non alimentaires,110.3,110.7,0.4,Septembre,2016
03 - Articles d'habillements et chaussures,113.9,114.0,0.1,Septembre,2016
"04 - Logements, eau, électricité et autres combustibles",114.0,114.0,0.0,Septembre,2016
"05 - Meubles, articles de ménages et entretien courant du foyer",109.2,109.3,0.1,Septembre,2016
06 - Santé,104.5,104.5,0.0,Septembre,2016
07 - Transport,108.8,109.4,0.6,Septembre,2016
08 - Communication,59.5,59.5,0.0,Septembre,2016
09 - Loisirs et culture,98.6,98.6,0.0,Septembre,2016
10 - Enseignement,141.4,145.1,2.6,Septembre,2016
11 - Restaurants et hôtels,126.3,126.5,0.2,Septembre,2016
12 - Biens et services divers,114.4,114.4,0.0,Septembre,2016
Ensemble,117.4,118.2,0.7,Septembre,2016
Produits alimentaires,127.7,127.2,-0.4,Juillet,2016
01 - Produits alimentaires et boissons non alcoolisées,128.0,127.5,-0.4,Juillet,2016
02 - Boissons alcoolisées et tabac,122.7,122.7,0.0,Juillet,2016
Produits non alimentaires,110.5,110.4,-0.1,Juillet,2016
03 - Articles d'habillements et chaussures,113.9,114.0,0.1,Juillet,2016
"04 - Logements, eau, électricité et autres combustibles",113.9,114.0,0.1,Juillet,2016
"05 - Meubles, articles de ménages et entretien courant du foyer",109.1,109.2,0.1,Juillet,2016
06 - Santé,104.5,104.5,0.0,Juillet,2016
07 - Transport,110.2,109.7,-0.5,Juillet,2016
08 - Communication,59.5,59.5,0.0,Juillet,2016
09 - Loisirs et culture,98.4,98.4,0.0,Juillet,2016
10 - Enseignement,141.4,141.4,0.0,Juillet,2016
11 - Restaurants et hôtels,125.6,125.9,0.2,Juillet,2016
12 - Biens et services divers,114.3,114.4,0.1,Juillet,2016
Ensemble,117.6,117.4,-0.2,Juillet,2016
Produits alimentaires,126.7,127.7,0.8,Juin,2016
01 - Produits alimentaires et boissons non alcoolisées,126.9,128.0,0.9,Juin,2016
02 - Boissons alcoolisées et tabac,122.7,122.7,0.0,Juin,2016
Produits non alimentaires,110.3,110.5,0.2,Juin,2016
03 - Articles d'habillements et chaussures,113.8,113.9,0.1,Juin,2016
"04 - Logements, eau, électricité et autres combustibles",113.9,113.9,0.0,Juin,2016
"05 - Meubles, articles de ménages et entretien courant du foyer",109.1,109.1,0.0,Juin,2016
06 - Santé,104.6,104.5,-0.1,Juin,2016
07 - Transport,109.3,110.2,0.8,Juin,2016
08 - Communication,59.5,59.5,0.0,Juin,2016
09 - Loisirs et culture,98.2,98.4,0.2,Juin,2016
10 - Enseignement,141.4,141.4,0.0,Juin,2016
11 - Restaurants et hôtels,125.5,125.6,0.1,Juin,2016
12 - Biens et services divers,114.2,114.3,0.1,Juin,2016
Ensemble,117.1,117.6,0.4,Juin,2016
Produits alimentaires,125.7,126.7,0.8,Mai,2016
01 - Produits alimentaires et boissons non alcoolisées,125.9,126.9,0.8,Mai,2016
02 - Boissons alcoolisées et tabac,122.7,122.7,0.0,Mai,2016
Produits non alimentaires,110.0,110.3,0.3,Mai,2016
03 - Articles d'habillements et chaussures,113.9,113.8,-0.1,Mai,2016
"04 - Logements, eau, électricité et autres combustibles",113.8,113.9,0.1,Mai,2016
"05 - Meubles, articles de ménages et entretien courant du foyer",109.0,109.1,0.1,Mai,2016
06 - Santé,104.3,104.6,0.3,Mai,2016
07 - Transport,108.3,109.3,0.9,Mai,2016
08 - Communication,59.5,59.5,0.0,Mai,2016
09 - Loisirs et culture,98.1,98.2,0.1,Mai,2016
10 - Enseignement,141.4,141.4,0.0,Mai,2016
11 - Restaurants et hôtels,124.4,125.5,0.9,Mai,2016
12 - Biens et services divers,114.2,114.2,0.0,Mai,2016
Ensemble,116.5,117.1,0.5,Mai,2016
Produits alimentaires,123.7,126.2,2.0,Mars,2016
01 - Produits alimentaires et boissons non alcoolisées,123.8,126.4,2.1,Mars,2016
02 - Boissons alcoolisées et tabac,122.7,122.7,0.0,Mars,2016
Produits non alimentaires,109.6,109.7,0.1,Mars,2016
03 - Articles d'habillements et chaussures,113.9,113.9,0.0,Mars,2016
"04 - Logements, eau, électricité et autres combustibles",113.7,113.8,0.1,Mars,2016
"05 - Meubles, articles de ménages et entretien courant du foyer",108.9,108.9,0.0,Mars,2016
06 - Santé,104.3,104.3,0.0,Mars,2016
07 - Transport,106.8,107.3,0.5,Mars,2016
08 - Communication,59.5,59.5,0.0,Mars,2016
09 - Loisirs et culture,97.5,97.4,-0.1,Mars,2016
10 - Enseignement,141.4,141.4,0.0,Mars,2016
11 - Restaurants et hôtels,124.2,124.2,0.0,Mars,2016
12 - Biens et services divers,114.2,114.2,0.0,Mars,2016
Ensemble,115.5,116.6,1.0,Mars,2016
Produits alimentaires,123.2,123.7,0.4,Février,2016
01 - Produits alimentaires et boissons non alcoolisées,123.3,123.8,0.4,Février,2016
02 - Boissons alcoolisées et tabac,122.7,122.7,0.0,Février,2016
Produits non alimentaires,109.6,109.6,0.0,Février,2016
03 - Articles d'habillements et chaussures,114.0,113.9,-0.1,Février,2016
"04 - Logements, eau, électricité et autres combustibles",113.7,113.7,0.0,Février,2016
"05 - Meubles, articles de ménages et entretien courant du foyer",108.9,108.9,0.0,Février,2016
06 - Santé,104.3,104.3,0.0,Février,2016
07 - Transport,107.0,106.8,-0.2,Février,2016
08 - Communication,59.5,59.5,0.0,Février,2016
09 - Loisirs et culture,97.0,97.5,0.5,Février,2016
10 - Enseignement,141.4,141.4,0.0,Février,2016
11 - Restaurants et hôtels,124.0,124.2,0.2,Février,2016
12 - Biens et services divers,114.1,114.2,0.1,Février,2016
Ensemble,115.3,115.5,0.2,Février,2016
Produits alimentaires,125.2,123.6,-1.3,Novembre,2015
01 - Produits alimentaires et boissons non alcoolisées,125.3,123.7,-1.3,Novembre,2015
02 - Boissons alcoolisées et tabac,122.7,122.7,0.0,Novembre,2015
Produits non alimentaires,109.5,109.5,0.0,Novembre,2015
03 - Articles d'habillements et chaussures,113.2,113.6,0.4,Novembre,2015
"04 - Logements, eau, électricité et autres combustibles",113.0,113.1,0.1,Novembre,2015
"05 - Meubles, articles de ménages et entretien courant du foyer",108.7,108.8,0.1,Novembre,2015
06 - Santé,104.2,104.2,0.0,Novembre,2015
07 - Transport,108.0,107.7,-0.3,Novembre,2015
08 - Communication,59.6,59.6,0.0,Novembre,2015
09 - Loisirs et culture,96.9,96.9,0.0,Novembre,2015
10 - Enseignement,141.4,141.4,0.0,Novembre,2015
11 - Restaurants et hôtels,123.3,123.6,0.2,Novembre,2015
12 - Biens et services divers,114.1,114.0,-0.1,Novembre,2015
Ensemble,116.0,115.4,-0.5,Novembre,2015
Produits alimentaires,123.8,124.0,0.2,Septembre,2015
01 - Produits alimentaires et boissons non alcoolisées,123.9,124.0,0.1,Septembre,2015
02 - Boissons alcoolisées et tabac,122.7,122.7,0.0,Septembre,2015
Produits non alimentaires,109.6,109.5,-0.1,Septembre,2015
03 - Articles d'habillements et chaussures,113.2,113.2,0.0,Septembre,2015
"04 - Logements, eau, électricité et autres combustibles",112.9,113.0,0.1,Septembre,2015
"05 - Meubles, articles de ménages et entretien courant du foyer",108.6,108.6,0.0,Septembre,2015
06 - Santé,104.3,104.2,-0.1,Septembre,2015
07 - Transport,109.8,108.2,-1.5,Septembre,2015
08 - Communication,59.6,59.6,0.0,Septembre,2015
09 - Loisirs et culture,96.8,96.9,0.1,Septembre,2015
10 - Enseignement,138.5,141.2,1.9,Septembre,2015
11 - Restaurants et hôtels,123.1,123.1,0.0,Septembre,2015
12 - Biens et services divers,114.2,114.1,-0.1,Septembre,2015
Ensemble,115.5,115.5,0.0,Septembre,2015
Produits alimentaires,122.3,123.8,1.2,Juillet,2015
01 - Produits alimentaires et boissons non alcoolisées,122.3,123.8,1.2,Juillet,2015
02 - Boissons alcoolisées et tabac,122.7,122.7,0.0,Juillet,2015
Produits non alimentaires,109.8,109.8,0.0,Juillet,2015
03 - Articles d'habillements et chaussures,112.4,112.9,0.4,Juillet,2015
"04 - Logements, eau, électricité et autres combustibles",112.8,112.8,0.0,Juillet,2015
"05 - Meubles, articles de ménages et entretien courant du foyer",108.5,108.5,0.0,Juillet,2015
06 - Santé,104.3,104.3,0.0,Juillet,2015
07 - Transport,110.9,110.9,0.0,Juillet,2015
08 - Communication,59.6,59.6,0.0,Juillet,2015
09 - Loisirs et culture,96.8,96.8,0.0,Juillet,2015
10 - Enseignement,138.5,138.5,0.0,Juillet,2015
11 - Restaurants et hôtels,122.7,122.7,0.0,Juillet,2015
12 - Biens et services divers,114.2,114.2,0.0,Juillet,2015
Ensemble,115.0,115.6,0.5,Juillet,2015
Produits alimentaires,122.3,122.3,0.0,Juin,2015
01 - Produits alimentaires et boissons non alcoolisées,122.5,122.3,-0.2,Juin,2015
02 - Boissons alcoolisées et tabac,118.3,122.7,3.7,Juin,2015
Produits non alimentaires,109.7,109.8,0.1,Juin,2015
03 - Articles d'habillements et chaussures,112.4,112.4,0.0,Juin,2015
"04 - Logements, eau, électricité et autres combustibles",112.7,112.8,0.1,Juin,2015
"05 - Meubles, articles de ménages et entretien courant du foyer",108.5,108.5,0.0,Juin,2015
06 - Santé,104.1,104.3,0.2,Juin,2015
07 - Transport,110.7,110.9,0.2,Juin,2015
08 - Communication,59.5,59.6,0.2,Juin,2015
09 - Loisirs et culture,96.8,96.8,0.0,Juin,2015
10 - Enseignement,138.5,138.5,0.0,Juin,2015
11 - Restaurants et hôtels,122.1,122.7,0.5,Juin,2015
12 - Biens et services divers,114.2,114.2,0.0,Juin,2015
Ensemble,114.9,115.0,0.1,Juin,2015
Produits alimentaires,122.1,122.3,0.2,Mai,2015
01 - Produits alimentaires et boissons non alcoolisées,122.3,122.5,0.2,Mai,2015
02 - Boissons alcoolisées et tabac,118.3,118.3,0.0,Mai,2015
Produits non alimentaires,109.4,109.7,0.3,Mai,2015
03 - Articles d'habillements et chaussures,112.3,112.4,0.1,Mai,2015
"04 - Logements, eau, électricité et autres combustibles",112.7,112.7,0.0,Mai,2015
"05 - Meubles, articles de ménages et entretien courant du foyer",108.6,108.5,-0.1,Mai,2015
06 - Santé,104.1,104.1,0.0,Mai,2015
07 - Transport,109.5,110.7,1.1,Mai,2015
08 - Communication,59.5,59.5,0.0,Mai,2015
09 - Loisirs et culture,96.3,96.8,0.5,Mai,2015
10 - Enseignement,138.5,138.5,0.0,Mai,2015
11 - Restaurants et hôtels,121.9,122.1,0.2,Mai,2015
12 - Biens et services divers,114.0,114.2,0.2,Mai,2015
Ensemble,114.7,114.9,0.2,Mai,2015
Produits alimentaires,122.3,121.8,-0.4,Mars,2015
01 - Produits alimentaires et boissons non alcoolisées,122.5,121.9,-0.5,Mars,2015
02 - Boissons alcoolisées et tabac,118.3,118.3,0.0,Mars,2015
Produits non alimentaires,109.0,109.3,0.3,Mars,2015
03 - Articles d'habillements et chaussures,112.7,112.4,-0.3,Mars,2015
"04 - Logements, eau, électricité et autres combustibles",112.6,112.6,0.0,Mars,2015
"05 - Meubles, articles de ménages et entretien courant du foyer",108.5,108.5,0.0,Mars,2015
06 - Santé,104.1,104.0,-0.1,Mars,2015
07 - Transport,107.6,109.6,1.9,Mars,2015
08 - Communication,59.5,59.5,0.0,Mars,2015
09 - Loisirs et culture,96.4,96.2,-0.2,Mars,2015
10 - Enseignement,138.5,138.5,0.0,Mars,2015
11 - Restaurants et hôtels,121.3,121.5,0.2,Mars,2015
12 - Biens et services divers,113.9,114.0,0.1,Mars,2015
Ensemble,114.5,114.5,0.0,Mars,2015
Produits alimentaires,123.5,122.3,-1.0,Février,2015
01 - Produits alimentaires et boissons non alcoolisées,123.8,122.5,-1.1,Février,2015
02 - Boissons alcoolisées et tabac,118.1,118.3,0.2,Février,2015
Produits non alimentaires,108.9,109.0,0.1,Février,2015
03 - Articles d'habillements et chaussures,112.8,112.7,-0.1,Février,2015
"04 - Logements, eau, électricité et autres combustibles",112.5,112.6,0.1,Février,2015
"05 - Meubles, articles de ménages et entretien courant du foyer",108.5,108.5,0.0,Février,2015
06 - Santé,104.0,104.1,0.1,Février,2015
07 - Transport,107.4,107.6,0.2,Février,2015
08 - Communication,59.5,59.5,0.0,Février,2015
09 - Loisirs et culture,96.4,96.4,0.0,Février,2015
10 - Enseignement,138.5,138.5,0.0,Février,2015
11 - Restaurants et hôtels,121.2,121.3,0.1,Février,2015
12 - Biens et services divers,113.7,113.9,0.2,Février,2015
Ensemble,115.0,114.5,-0.4,Février,2015
Produits alimentaires,120.9,121.1,0.2,Novembre,2014
01 - Produits alimentaires et boissons non alcoolisées,121.2,121.4,0.2,Novembre,2014
02 - Boissons alcoolisées et tabac,116.3,116.3,0.0,Novembre,2014
Produits non alimentaires,109.8,109.7,-0.1,Novembre,2014
03 - Articles d'habillements et chaussures,112.6,112.7,0.1,Novembre,2014
"04 - Logements, eau, électricité et autres combustibles",111.8,111.8,0.0,Novembre,2014
"05 - Meubles, articles de ménages et entretien courant du foyer",108.5,108.5,0.0,Novembre,2014
06 - Santé,103.7,103.8,0.1,Novembre,2014
07 - Transport,113.7,112.8,-0.8,Novembre,2014
08 - Communication,59.5,59.5,0.0,Novembre,2014
09 - Loisirs et culture,96.3,96.3,0.0,Novembre,2014
10 - Enseignement,138.5,138.5,0.0,Novembre,2014
11 - Restaurants et hôtels,120.4,120.7,0.2,Novembre,2014
12 - Biens et services divers,113.6,113.7,0.1,Novembre,2014
Ensemble,114.4,114.4,0.0,Novembre,2014
Produits alimentaires,119.7,119.4,-0.3,Septembre,2014
01 - Produits alimentaires et boissons non alcoolisées,119.9,119.6,-0.3,Septembre,2014
02 - Boissons alcoolisées et tabac,116.3,116.3,0.0,Septembre,2014
Produits non alimentaires,109.2,109.7,0.5,Septembre,2014
03 - Articles d'habillements et chaussures,112.3,112.4,0.1,Septembre,2014
"04 - Logements, eau, électricité et autres combustibles",111.0,111.8,0.7,Septembre,2014
"05 - Meubles, articles de ménages et entretien courant du foyer",108.5,108.5,0.0,Septembre,2014
06 - Santé,103.7,103.7,0.0,Septembre,2014
07 - Transport,113.4,113.5,0.1,Septembre,2014
08 - Communication,59.5,59.5,0.0,Septembre,2014
09 - Loisirs et culture,96.3,96.3,0.0,Septembre,2014
10 - Enseignement,134.2,138.1,2.9,Septembre,2014
11 - Restaurants et hôtels,120.0,120.3,0.3,Septembre,2014
12 - Biens et services divers,113.4,113.4,0.0,Septembre,2014
Ensemble,113.6,113.7,0.1,Septembre,2014
Produits alimentaires,119.3,119.3,0.0,Juillet,2014
01 - Produits alimentaires et boissons non alcoolisées,119.5,119.4,-0.1,Juillet,2014
02 - Boissons alcoolisées et tabac,116.4,116.4,0.0,Juillet,2014
Produits non alimentaires,108.2,108.4,0.2,Juillet,2014
03 - Articles d'habillements et chaussures,111.6,112.2,0.5,Juillet,2014
"04 - Logements, eau, électricité et autres combustibles",107.5,107.5,0.0,Juillet,2014
"05 - Meubles, articles de ménages et entretien courant du foyer",108.4,108.4,0.0,Juillet,2014
06 - Santé,103.3,103.7,0.4,Juillet,2014
07 - Transport,113.2,114.0,0.7,Juillet,2014
08 - Communication,59.5,59.5,0.0,Juillet,2014
09 - Loisirs et culture,96.4,96.3,-0.1,Juillet,2014
10 - Enseignement,134.2,134.2,0.0,Juillet,2014
11 - Restaurants et hôtels,119.5,119.8,0.3,Juillet,2014
12 - Biens et services divers,113.4,113.4,0.0,Juillet,2014
Ensemble,112.8,112.9,0.1,Juillet,2014
Produits alimentaires,118.7,119.3,0.5,Juin,2014
01 - Produits alimentaires et boissons non alcoolisées,118.8,119.5,0.6,Juin,2014
02 - Boissons alcoolisées et tabac,116.4,116.4,0.0,Juin,2014
Produits non alimentaires,108.3,108.2,-0.1,Juin,2014
03 - Articles d'habillements et chaussures,111.5,111.6,0.1,Juin,2014
"04 - Logements, eau, électricité et autres combustibles",107.5,107.5,0.0,Juin,2014
"05 - Meubles, articles de ménages et entretien courant du foyer",108.3,108.4,0.1,Juin,2014
06 - Santé,105.9,103.3,-2.5,Juin,2014
07 - Transport,112.9,113.2,0.3,Juin,2014
08 - Communication,59.5,59.5,0.0,Juin,2014
09 - Loisirs et culture,96.4,96.4,0.0,Juin,2014
10 - Enseignement,134.2,134.2,0.0,Juin,2014
11 - Restaurants et hôtels,119.3,119.5,0.2,Juin,2014
12 - Biens et services divers,113.3,113.4,0.1,Juin,2014
Ensemble,112.6,112.8,0.2,Juin,2014
Produits alimentaires,119.1,118.7,-0.3,Mai,2014
01 - Produits alimentaires et boissons non alcoolisées,119.3,118.8,-0.4,Mai,2014
02 - Boissons alcoolisées et tabac,116.4,116.4,0.0,Mai,2014
Produits non alimentaires,108.3,108.3,0.0,Mai,2014
03 - Articles d'habillements et chaussures,111.7,111.5,-0.2,Mai,2014
"04 - Logements, eau, électricité et autres combustibles",107.4,107.5,0.1,Mai,2014
"05 - Meubles, articles de ménages et entretien courant du foyer",108.2,108.3,0.1,Mai,2014
06 - Santé,105.9,105.9,0.0,Mai,2014
07 - Transport,113.0,112.9,-0.1,Mai,2014
08 - Communication,59.5,59.5,0.0,Mai,2014
09 - Loisirs et culture,96.4,96.4,0.0,Mai,2014
10 - Enseignement,134.2,134.2,0.0,Mai,2014
11 - Restaurants et hôtels,119.3,119.3,0.0,Mai,2014
12 - Biens et services divers,113.2,113.3,0.1,Mai,2014
Ensemble,112.8,112.6,-0.2,Mai,2014
Produits alimentaires,120.1,119.3,-0.7,Mars,2014
01 - Produits alimentaires et boissons non alcoolisées,120.4,119.4,-0.8,Mars,2014
02 - Boissons alcoolisées et tabac,116.3,116.3,0.0,Mars,2014
Produits non alimentaires,108.0,108.0,0.0,Mars,2014
03 - Articles d'habillements et chaussures,111.9,111.9,0.0,Mars,2014
"04 - Logements, eau, électricité et autres combustibles",107.2,107.2,0.0,Mars,2014
"05 - Meubles, articles de ménages et entretien courant du foyer",107.9,108.2,0.3,Mars,2014
06 - Santé,105.4,105.4,0.0,Mars,2014
07 - Transport,111.9,112.0,0.1,Mars,2014
08 - Communication,59.5,59.5,0.0,Mars,2014
09 - Loisirs et culture,96.4,96.4,0.0,Mars,2014
10 - Enseignement,134.2,134.2,0.0,Mars,2014
11 - Restaurants et hôtels,118.9,119.3,0.3,Mars,2014
12 - Biens et services divers,113.2,113.2,0.0,Mars,2014
Ensemble,113.0,112.7,-0.3,Mars,2014
Produits alimentaires,121.0,120.1,-0.7,Février,2014
01 - Produits alimentaires et boissons non alcoolisées,121.3,120.4,-0.7,Février,2014
02 - Boissons alcoolisées et tabac,116.3,116.3,0.0,Février,2014
Produits non alimentaires,107.7,108.0,0.3,Février,2014
03 - Articles d'habillements et chaussures,111.9,111.9,0.0,Février,2014
"04 - Logements, eau, électricité et autres combustibles",107.2,107.2,0.0,Février,2014
"05 - Meubles, articles de ménages et entretien courant du foyer",107.7,107.9,0.2,Février,2014
06 - Santé,105.3,105.4,0.1,Février,2014
07 - Transport,110.5,111.9,1.3,Février,2014
08 - Communication,59.5,59.5,0.0,Février,2014
09 - Loisirs et culture,96.8,96.4,-0.4,Février,2014
10 - Enseignement,134.2,134.2,0.0,Février,2014
11 - Restaurants et hôtels,118.9,118.9,0.0,Février,2014
12 - Biens et services divers,113.2,113.2,0.0,Février,2014
Ensemble,113.2,113.0,-0.2,Février,2014
Produits alimentaires,122.5,121.0,-1.2,Novembre,2013
01 - Produits alimentaires et boissons non alcoolisées,122.8,121.3,-1.2,Novembre,2013
02 - Boissons alcoolisées et tabac,115.6,115.6,0.0,Novembre,2013
Produits non alimentaires,107.5,107.4,-0.1,Novembre,2013
03 - Articles d'habillements et chaussures,110.7,111.2,0.5,Novembre,2013
"04 - Logements, eau, électricité et autres combustibles",107.0,107.1,0.1,Novembre,2013
"05 - Meubles, articles de ménages et entretien courant du foyer",107.6,107.5,-0.1,Novembre,2013
06 – Santé,105.0,105.0,0.0,Novembre,2013
07 – Transport,111.0,110.1,-0.8,Novembre,2013
08 – Communication,59.5,59.5,0.0,Novembre,2013
09 - Loisirs et culture,97.3,97.4,0.1,Novembre,2013
10 – Enseignement,134.1,134.2,0.1,Novembre,2013
11 - Restaurants et hôtels,118.1,118.5,0.3,Novembre,2013
12 - Biens et services divers,112.4,112.6,0.2,Novembre,2013
Ensemble,113.7,113.0,-0.6,Novembre,2013
Produits alimentaires,123.4,122.2,-1.0,Septembre,2013
01 - Produits alimentaires et boissons non alcoolisées,123.8,122.6,-1.0,Septembre,2013
02 - Boissons alcoolisées et tabac,115.5,115.5,0.0,Septembre,2013
Produits non alimentaires,106.8,107.4,0.6,Septembre,2013
03 - Articles d'habillements et chaussures,110.0,110.4,0.4,Septembre,2013
"04 - Logements, eau, électricité et autres combustibles",106.7,106.9,0.2,Septembre,2013
"05 - Meubles, articles de ménages et entretien courant du foyer",107.5,107.6,0.1,Septembre,2013
06 – Santé,104.9,104.9,0.0,Septembre,2013
07 – Transport,109.6,111.2,1.5,Septembre,2013
08 – Communication,59.5,59.5,0.0,Septembre,2013
09 - Loisirs et culture,97.3,97.4,0.1,Septembre,2013
10 – Enseignement,129.7,133.6,3.0,Septembre,2013
11 - Restaurants et hôtels,117.5,117.6,0.1,Septembre,2013
12 - Biens et services divers,112.2,112.2,0.0,Septembre,2013
Ensemble,113.6,113.6,0.0,Septembre,2013
Produits alimentaires,121.3,121.0,-0.2,Juillet,2013
01 - Produits alimentaires et boissons non alcoolisées,121.6,121.3,-0.2,Juillet,2013
02 - Boissons alcoolisées et tabac,115.5,115.5,0.0,Juillet,2013
Produits non alimentaires,106.9,106.5,-0.4,Juillet,2013
03 - Articles d'habillements et chaussures,109.1,109.5,0.4,Juillet,2013
"04 - Logements, eau, électricité et autres combustibles",106.5,106.5,0.0,Juillet,2013
"05 - Meubles, articles de ménages et entretien courant du foyer",107.3,107.4,0.1,Juillet,2013
06 – Santé,104.9,104.9,0.0,Juillet,2013
07 – Transport,109.5,109.4,-0.1,Juillet,2013
08 – Communication,65.4,58.3,-10.9,Juillet,2013
09 - Loisirs et culture,97.3,97.3,0.0,Juillet,2013
10 – Enseignement,129.6,129.6,0.0,Juillet,2013
11 - Restaurants et hôtels,116.8,117.1,0.3,Juillet,2013
12 - Biens et services divers,111.9,111.9,0.0,Juillet,2013
Ensemble,112.9,112.5,-0.4,Juillet,2013
Ensemble,112.9,112.9,0.0,Juin,2013
Produits alimentaires,120.2,121.3,0.9,Mai,2013
01 - Produits alimentaires et boissons non alcoolisées,120.4,121.6,1.0,Mai,2013
02 - Boissons alcoolisées et tabac,115.5,115.5,0.0,Mai,2013
Produits non alimentaires,106.8,106.9,0.1,Mai,2013
03 - Articles d'habillements et chaussures,109.0,109.0,0.0,Mai,2013
"04 - Logements, eau, électricité et autres combustibles",106.3,106.4,0.1,Mai,2013
"05 - Meubles, articles de ménages et entretien courant du foyer",107.3,107.4,0.1,Mai,2013
06 – Santé,104.4,104.5,0.1,Mai,2013
07 – Transport,109.4,109.6,0.2,Mai,2013
08 – Communication,65.4,65.4,0.0,Mai,2013
09 - Loisirs et culture,97.4,97.3,-0.1,Mai,2013
10 – Enseignement,129.6,129.6,0.0,Mai,2013
11 - Restaurants et hôtels,116.3,116.6,0.3,Mai,2013
12 - Biens et services divers,112.1,112.0,-0.1,Mai,2013
Ensemble,112.3,112.9,0.5,Mai,2013
Produits alimentaires,121.1,120.3,-0.7,Mars,2013
01 - Produits alimentaires et boissons non alcoolisées,121.8,120.5,-1.1,Mars,2013
02 - Boissons alcoolisées et tabac,108.5,115.5,6.5,Mars,2013
Produits non alimentaires,106.5,106.6,0.1,Mars,2013
03 - Articles d'habillements et chaussures,109.1,109.2,0.1,Mars,2013
"04 - Logements, eau, électricité et autres combustibles",105.8,106.0,0.2,Mars,2013
"05 - Meubles, articles de ménages et entretien courant du foyer",107.3,107.3,0.0,Mars,2013
06 - Santé,104.3,104.4,0.1,Mars,2013
07 - Transport,109.2,109.3,0.1,Mars,2013
08 - Communication,65.4,65.4,0.0,Mars,2013
09 - Loisirs et culture,97.4,97.4,0.0,Mars,2013
10 - Enseignement,129.6,129.6,0.0,Mars,2013
11 - Restaurants et hôtels,115.1,115.0,-0.1,Mars,2013
12 - Biens et services divers,111.4,112.0,0.5,Mars,2013
Ensemble,112.5,112.3,-0.2,Mars,2013
Ensemble,112.6,112.5,-0.1,Février,2013
Ensemble,112.0,111.9,-0.1,Novembre,2012
Produits alimentaires,120.0,120.0,0.0,Septembre,2012
01 - Produits alimentaires et boissons non alcoolisées,120.6,120.7,0.1,Septembre,2012
02 - Boissons alcoolisées et tabac,108.5,108.5,0.0,Septembre,2012
Produits non alimentaires,105.5,105.7,0.2,Septembre,2012
03 - Articles d'habillements et chaussures,108.3,108.3,0.0,Septembre,2012
"04 - Logements, eau, électricité et autres combustibles",105.3,105.3,0.0,Septembre,2012
"05 - Meubles, articles de ménages et entretien courant du foyer",107.2,107.1,-0.1,Septembre,2012
06 - Santé,103.9,103.9,0.0,Septembre,2012
07 - Transport,108.5,108.5,0.0,Septembre,2012
08 - Communication,65.6,65.6,0.0,Septembre,2012
09 - Loisirs et culture,97.1,97.1,0.0,Septembre,2012
10 - Enseignement,122.1,126.1,3.3,Septembre,2012
11 - Restaurants et hôtels,113.1,113.3,0.2,Septembre,2012
12 - Biens et services divers,110.7,110.7,0.0,Septembre,2012
Ensemble,111.5,111.7,0.2,Septembre,2012
Produits alimentaires,117.5,118.3,0.7,Juillet,2012
01 - Produits alimentaires et boissons non alcoolisées,118.0,118.8,0.7,Juillet,2012
02 - Boissons alcoolisées et tabac,108.5,108.5,0.0,Juillet,2012
Produits non alimentaires,105.3,105.4,0.1,Juillet,2012
03 - Articles d'habillements et chaussures,107.8,107.8,0.0,Juillet,2012
"04 - Logements, eau, électricité et autres combustibles",105.3,105.3,0.0,Juillet,2012
"05 - Meubles, articles de ménages et entretien courant du foyer",107.3,107.2,-0.1,Juillet,2012
06 - Santé,103.9,103.9,0.0,Juillet,2012
07 - Transport,107.8,108.3,0.5,Juillet,2012
08 - Communication,65.6,65.6,0.0,Juillet,2012
09 - Loisirs et culture,97.1,97.0,-0.1,Juillet,2012
10 - Enseignement,122.1,122.1,0.0,Juillet,2012
11 - Restaurants et hôtels,113.2,113.1,-0.1,Juillet,2012
12 - Biens et services divers,110.6,110.7,0.1,Juillet,2012
Ensemble,110.4,110.7,0.3,Juillet,2012
Ensemble,108.7,108.3,-0.4,Juin,2011
Ensemble,108.4,108.7,0.3,Mai,2011
Produits alimentaires,116.7,116.4,-0.3,Mars,2011
01 - Produits alimentaires et boissons non alcoolisées,117.1,116.8,-0.3,Mars,2011
02 - Boissons alcoolisées et tabac,108.3,108.3,0.0,Mars,2011
Produits non alimentaires,104.7,104.8,0.1,Mars,2011
03 - Articles d'habillements et chaussures,105.4,105.3,-0.1,Mars,2011
"04 - Logements, eau, électricité et autres combustibles",104.6,104.6,0.0,Mars,2011
"05 - Meubles, articles de ménages et entretien courant du foyer",106.7,106.8,0.1,Mars,2011
06 - Santé,103.0,103.0,0.0,Mars,2011
07 - Transport,103.0,103.1,0.1,Mars,2011
08 - Communications,89.2,89.2,0.0,Mars,2011
09 - Loisirs et culture,96.5,96.4,-0.1,Mars,2011
10 - Enseignement,118.5,118.5,0.0,Mars,2011
11 - Restaurants et hôtels,110.1,110.3,0.2,Mars,2011
12 - Biens et services divers,108.6,108.6,0.0,Mars,2011
Ensemble,109.7,109.6,-0.1,Mars,2011
Produits alimentaires,114.6,116.7,1.8,Février,2011
01 - Produits alimentaires et boissons non alcoolisées,115.0,117.1,1.8,Février,2011
02 - Boissons alcoolisées et tabac,108.3,108.3,0.0,Février,2011
Produits non alimentaires,104.7,104.7,0.0,Février,2011
03 - Articles d'habillement et chaussures,105.5,105.4,-0.1,Février,2011
"04 - Logements, eau, électricité et autres combustibles",104.6,104.6,0.0,Février,2011
"05 - Meubles, articles de ménage et entretien courant du foyer",106.6,106.7,0.1,Février,2011
06 - Santé,103.0,103.0,0.0,Février,2011
07 - Transport,103.0,103.0,0.0,Février,2011
08 - Communications,89.2,89.2,0.0,Février,2011
09 - Loisirs et culture,96.5,96.5,0.0,Février,2011
10 - Enseignement,118.5,118.5,0.0,Février,2011
11 - Restaurants et hôtels,109.8,110.1,0.3,Février,2011
12 - Biens et services divers,108.4,108.6,0.2,Février,2011
Ensemble,108.8,109.7,0.8,Février,2011
Produits alimentaires,118.6,116.7,-1.6,Novembre,2010
01 - Produits alimentaires et boissons non alcoolisées,119.2,117.1,-1.8,Novembre,2010
02 - Boissons alcoolisées et tabac,108.3,108.3,0.0,Novembre,2010
Produits non alimentaires,104.6,104.6,0.0,Novembre,2010
03 - Articles d'habillements et chaussures,104.6,104.9,0.3,Novembre,2010
"04 - Logements, eau, électricité et autres combustibles",104.4,104.6,0.2,Novembre,2010
"05 - Meubles, articles de ménages et entretien courant du foyer",106.3,106.3,0.0,Novembre,2010
06 - Santé,103.0,103.0,0.0,Novembre,2010
07 - Transport,103.3,103.2,-0.1,Novembre,2010
08 - Communication,90.5,89.2,-1.4,Novembre,2010
09 - Loisirs et culture,96.7,96.7,0.0,Novembre,2010
10 - Enseignement,118.5,118.5,0.0,Novembre,2010
11 - Restaurants et hôtels,109.8,109.8,0.0,Novembre,2010
12 - Biens et services divers,107.9,108.0,0.1,Novembre,2010
Ensemble,110.4,109.6,-0.7,Novembre,2010
Ensemble,108.0,109.5,1.4,Septembre,2010
Produits alimentaires,112.6,111.2,-1.2,Juillet,2010
01 - Produits alimentaires et boissons non alcoolisées,112.8,111.4,-1.2,Juillet,2010
02 - Boissons alcoolisées et tabac,108.3,108.3,0.0,Juillet,2010
Produits non alimentaires,104.0,104.1,0.1,Juillet,2010
03 - Articles d'habillements et chaussures,103.7,103.5,-0.2,Juillet,2010
"04 - Logements, eau, électricité et autres combustibles",104.3,104.3,0.0,Juillet,2010
"05 - Meubles, articles de ménages et entretien courant du foyer",106.2,106.1,-0.1,Juillet,2010
06 - Santé,102.9,102.9,0.0,Juillet,2010
07 - Transport,103.2,103.3,0.1,Juillet,2010
08 - Communication,90.5,90.5,0.0,Juillet,2010
09 - Loisirs et culture,96.9,96.8,-0.1,Juillet,2010
10 - Enseignement,113.3,113.3,0.0,Juillet,2010
11 - Restaurants et hôtels,109.4,109.7,0.3,Juillet,2010
12 - Biens et services divers,106.7,107.0,0.3,Juillet,2010
Ensemble,107.6,107.0,-0.6,Juillet,2010
Ensemble,108.7,107.6,-1.0,Juin,2010
Produits alimentaires,115.2,115.2,0.0,Mai,2010
01 - Produits alimentaires et boissons non alcoolisées,115.6,115.6,0.0,Mai,2010
02 - Boissons alcoolisées et tabac,108.3,108.3,0.0,Mai,2010
Produits non alimentaires,104.0,104.0,0.0,Mai,2010
03 - Articles d'habillement et chaussures,104.2,104.0,-0.2,Mai,2010
"04 - Logement, eau, électricité et autres combustibles",104.2,104.3,0.1,Mai,2010
"05 - Meubles, articles de ménages et entretien courant du foyer",106.0,106.1,0.1,Mai,2010
06 - Santé,102.9,103.0,0.1,Mai,2010
07 - Transport,103.3,103.2,-0.1,Mai,2010
08 - Communication,90.6,90.5,-0.1,Mai,2010
09 - Loisirs et culture,97.4,97.2,-0.2,Mai,2010
10 - Enseignement,113.3,113.3,0.0,Mai,2010
11 - Restaurants et hôtels,109.1,109.2,0.1,Mai,2010
12 - Biens et services divers,106.5,106.6,0.1,Mai,2010
Ensemble,108.7,108.7,0.0,Mai,2010
Produits alimentaires,112.3,116.0,3.3,Mars,2010
01 - Produits alimentaires et boissons non alcoolisées,112.5,116.5,3.6,Mars,2010
02 - Boissons alcoolisées et tabac,108.3,108.3,0.0,Mars,2010
Produits non alimentaires,104.1,104.0,-0.1,Mars,2010
03 - Articles d'habillements et chaussures,104.5,104.3,-0.2,Mars,2010
"04 - Logements, eau, électricité et autres combustibles",104.2,104.2,0.0,Mars,2010
"05 - Meubles, articles de ménages et entretien courant du foyer",106.0,106.1,0.1,Mars,2010
06 - Santé,102.5,102.6,0.1,Mars,2010
07 - Transport,103.5,103.3,-0.2,Mars,2010
08 - Communication,90.9,90.9,0.0,Mars,2010
09 - Loisirs et culture,97.8,97.6,-0.2,Mars,2010
10 - Enseignement,113.3,113.3,0.0,Mars,2010
11 - Restaurants et hôtels,108.2,108.4,0.2,Mars,2010
12 - Biens et services divers,106.4,106.4,0.0,Mars,2010
Ensemble,107.5,109.0,1.4,Mars,2010
Produits alimentaires,110.1,112.3,2.0,Février,2010
01 - Produits alimentaires et boissons non alcoolisées,110.2,112.5,2.1,Février,2010
02 - Boissons alcoolisées et tabac,108.2,108.3,0.1,Février,2010
Produits non alimentaires,104.0,104.1,0.1,Février,2010
03 - Articles d'habillements et chaussures,104.5,104.5,0.0,Février,2010
"04 - Logements, eau, électricité et autres combustibles",104.2,104.2,0.0,Février,2010
"05 - Meubles, articles de ménages et entretien courant du foyer",106.0,106.0,0.0,Février,2010
06 - Santé,102.4,102.5,0.1,Février,2010
07 - Transport,103.2,103.5,0.3,Février,2010
08 - Communication,90.9,90.9,0.0,Février,2010
09 - Loisirs et culture,97.7,97.8,0.1,Février,2010
10 - Enseignement,113.3,113.3,0.0,Février,2010
11 - Restaurants et hôtels,108.0,108.2,0.2,Février,2010
12 - Biens et services divers,106.2,106.4,0.2,Février,2010
Ensemble,106.5,107.5,0.9,Février,2010
Produits alimentaires,113.5,110.9,-2.3,Novembre,2009
01 - Produits alimentaires et boissons non alcoolisées,113.8,111.1,-2.4,Novembre,2009
02 - Boissons alcoolisées et tabac,108.3,108.2,-0.1,Novembre,2009
Produits non alimentaires,103.3,103.9,0.6,Novembre,2009
03 - Articles d'habillements et chaussures,103.3,104.2,0.9,Novembre,2009
"04 - Logements, eau, électricité et autres combustibles",103.3,104.1,0.8,Novembre,2009
"05 - Meubles, articles de ménages et entretien courant du foyer",104.6,105.6,1.0,Novembre,2009
06 - Santé,101.2,102.6,1.4,Novembre,2009
07 - Transport,103.7,103.4,-0.3,Novembre,2009
08 - Communication,95.1,90.9,-4.4,Novembre,2009
09 - Loisirs et culture,98.1,98.0,-0.1,Novembre,2009
10 - Enseignement,109.1,113.3,3.8,Novembre,2009
11 - Restaurants et hôtels,105.1,107.8,2.6,Novembre,2009
12 - Biens et services divers,103.8,105.8,1.9,Novembre,2009
Ensemble,107.5,106.8,-0.7,Novembre,2009
